day,day_code,phase_number,phase,mode,topic,difficulty,estimated_time_hours,tools,objective,required_submission
1,DAY_001,1,"Safety, Etiquette, and Equipment Orientation",Orientation and setup,Communications Safety and Etiquette,foundation,8,Beyond wired/wireless intercom equipment | laptop-based communication tools | Beyond intercom equipment | PPE | battery/charger tools | checklists,"Inspect assigned intercom equipment, establish professional call etiquette, verify primary and backup talk paths, and document custody and battery controls.","Baseline evidence, completed practical artifact, independent verification, safety/restoration record, and short professional report."
2,DAY_002,1,"Safety, Etiquette, and Equipment Orientation",Concept development,Professional Channel Language And Call Signs — Applied Baseline Lab,foundation,8,Beyond wired/wireless intercom equipment | laptop-based communication tools | Beyond intercom equipment | PPE | battery/charger tools | checklists,"Complete a supervised applied lab for professional channel language and call signs, record expected versus observed results, diagnose one controlled fault, and restore the approved state.","Baseline evidence, completed practical artifact, independent verification, safety/restoration record, and short professional report."
3,DAY_003,1,"Safety, Etiquette, and Equipment Orientation",Guided laboratory,Ppe Hearing And Cable Safety — Architecture and Components,foundation,8,Beyond wired/wireless intercom equipment | laptop-based communication tools | Beyond intercom equipment | PPE | battery/charger tools | checklists,"Explain and demonstrate PPE hearing and cable safety through an authorized baseline, measurable check, documented failure mode, and independent verification.","Baseline evidence, completed practical artifact, independent verification, safety/restoration record, and short professional report."
4,DAY_004,1,"Safety, Etiquette, and Equipment Orientation",Guided laboratory,Ppe Hearing And Cable Safety — Configuration Lab,foundation,8,Beyond wired/wireless intercom equipment | laptop-based communication tools | Beyond intercom equipment | PPE | battery/charger tools | checklists,"Complete a supervised applied lab for PPE hearing and cable safety, record expected versus observed results, diagnose one controlled fault, and restore the approved state.","Baseline evidence, completed practical artifact, independent verification, safety/restoration record, and short professional report."
5,DAY_005,1,"Safety, Etiquette, and Equipment Orientation",Applied practice,Asset Custody Batteries And Charging — Design and Technique,foundation,8,Beyond wired/wireless intercom equipment | laptop-based communication tools | Beyond intercom equipment | PPE | battery/charger tools | checklists,"Explain and demonstrate asset custody batteries and charging through an authorized baseline, measurable check, documented failure mode, and independent verification.","Baseline evidence, completed practical artifact, independent verification, safety/restoration record, and short professional report."
6,DAY_006,1,"Safety, Etiquette, and Equipment Orientation",Operations and measurement,Asset Custody Batteries And Charging — Operations and Measurement,foundation,8,Beyond wired/wireless intercom equipment | laptop-based communication tools | Beyond intercom equipment | PPE | battery/charger tools | checklists,"Complete a supervised applied lab for asset custody batteries and charging, record expected versus observed results, diagnose one controlled fault, and restore the approved state.","Baseline evidence, completed practical artifact, independent verification, safety/restoration record, and short professional report."
7,DAY_007,1,"Safety, Etiquette, and Equipment Orientation",Troubleshooting laboratory,Primary Backup And Emergency Talk Paths — Troubleshooting and Failure Modes,foundation,8,Beyond wired/wireless intercom equipment | laptop-based communication tools | Beyond intercom equipment | PPE | battery/charger tools | checklists,"Explain and demonstrate primary backup and emergency talk paths through an authorized baseline, measurable check, documented failure mode, and independent verification.","Baseline evidence, completed practical artifact, independent verification, safety/restoration record, and short professional report."
8,DAY_008,1,"Safety, Etiquette, and Equipment Orientation",Safety and quality review,"Primary Backup And Emergency Talk Paths — Safety, Quality, and Verification",foundation,8,Beyond wired/wireless intercom equipment | laptop-based communication tools | Beyond intercom equipment | PPE | battery/charger tools | checklists,"Complete a supervised applied lab for primary backup and emergency talk paths, record expected versus observed results, diagnose one controlled fault, and restore the approved state.","Baseline evidence, completed practical artifact, independent verification, safety/restoration record, and short professional report."
9,DAY_009,1,"Safety, Etiquette, and Equipment Orientation",Integration and documentation,"Safety, Etiquette, and Equipment Orientation — Integration, Documentation, and Handover",foundation,8,Beyond wired/wireless intercom equipment | laptop-based communication tools | Beyond intercom equipment | PPE | battery/charger tools | checklists,"Integrate the four safety, etiquette, and equipment orientation skill areas into one reproducible workflow, diagram, checklist, evidence pack, and handover note.","Baseline evidence, completed practical artifact, independent verification, safety/restoration record, and short professional report."
10,DAY_010,1,"Safety, Etiquette, and Equipment Orientation",Assessment and presentation,"Safety, Etiquette, and Equipment Orientation — Assessment Project",foundation,8,Beyond wired/wireless intercom equipment | laptop-based communication tools | Beyond intercom equipment | PPE | battery/charger tools | checklists,"Plan, execute, verify, present, and safely close an assessment project covering the complete safety, etiquette, and equipment orientation phase.","Assessment demonstration, reproducible project/equipment package, verification and restoration evidence, safety review, and professional report."
11,DAY_011,2,Communication Systems Fundamentals,Orientation and setup,Simplex Half-Duplex And Full-Duplex — Foundations and Vocabulary,foundation,8,Beyond wired/wireless intercom equipment | laptop-based communication tools | wired intercom | diagramming tools | headsets | cable tester,"Explain and demonstrate simplex half-duplex and full-duplex through an authorized baseline, measurable check, documented failure mode, and independent verification.","Baseline evidence, completed practical artifact, independent verification, safety/restoration record, and short professional report."
12,DAY_012,2,Communication Systems Fundamentals,Concept development,Simplex Half-Duplex And Full-Duplex — Applied Baseline Lab,foundation,8,Beyond wired/wireless intercom equipment | laptop-based communication tools | wired intercom | diagramming tools | headsets | cable tester,"Complete a supervised applied lab for simplex half-duplex and full-duplex, record expected versus observed results, diagnose one controlled fault, and restore the approved state.","Baseline evidence, completed practical artifact, independent verification, safety/restoration record, and short professional report."
13,DAY_013,2,Communication Systems Fundamentals,Guided laboratory,Partyline Matrix And Point-To-Point — Architecture and Components,foundation,8,Beyond wired/wireless intercom equipment | laptop-based communication tools | wired intercom | diagramming tools | headsets | cable tester,"Explain and demonstrate partyline matrix and point-to-point through an authorized baseline, measurable check, documented failure mode, and independent verification.","Baseline evidence, completed practical artifact, independent verification, safety/restoration record, and short professional report."
14,DAY_014,2,Communication Systems Fundamentals,Guided laboratory,Partyline Matrix And Point-To-Point — Configuration Lab,foundation,8,Beyond wired/wireless intercom equipment | laptop-based communication tools | wired intercom | diagramming tools | headsets | cable tester,"Complete a supervised applied lab for partyline matrix and point-to-point, record expected versus observed results, diagnose one controlled fault, and restore the approved state.","Baseline evidence, completed practical artifact, independent verification, safety/restoration record, and short professional report."
15,DAY_015,2,Communication Systems Fundamentals,Applied practice,Two-Wire Four-Wire And Ip Audio — Design and Technique,foundation,8,Beyond wired/wireless intercom equipment | laptop-based communication tools | wired intercom | diagramming tools | headsets | cable tester,"Explain and demonstrate two-wire four-wire and IP audio through an authorized baseline, measurable check, documented failure mode, and independent verification.","Baseline evidence, completed practical artifact, independent verification, safety/restoration record, and short professional report."
16,DAY_016,2,Communication Systems Fundamentals,Operations and measurement,Two-Wire Four-Wire And Ip Audio — Operations and Measurement,foundation,8,Beyond wired/wireless intercom equipment | laptop-based communication tools | wired intercom | diagramming tools | headsets | cable tester,"Complete a supervised applied lab for two-wire four-wire and IP audio, record expected versus observed results, diagnose one controlled fault, and restore the approved state.","Baseline evidence, completed practical artifact, independent verification, safety/restoration record, and short professional report."
17,DAY_017,2,Communication Systems Fundamentals,Troubleshooting laboratory,Sidetone Nulling And Level Concepts — Troubleshooting and Failure Modes,foundation,8,Beyond wired/wireless intercom equipment | laptop-based communication tools | wired intercom | diagramming tools | headsets | cable tester,"Explain and demonstrate sidetone nulling and level concepts through an authorized baseline, measurable check, documented failure mode, and independent verification.","Baseline evidence, completed practical artifact, independent verification, safety/restoration record, and short professional report."
18,DAY_018,2,Communication Systems Fundamentals,Safety and quality review,"Sidetone Nulling And Level Concepts — Safety, Quality, and Verification",foundation,8,Beyond wired/wireless intercom equipment | laptop-based communication tools | wired intercom | diagramming tools | headsets | cable tester,"Complete a supervised applied lab for sidetone nulling and level concepts, record expected versus observed results, diagnose one controlled fault, and restore the approved state.","Baseline evidence, completed practical artifact, independent verification, safety/restoration record, and short professional report."
19,DAY_019,2,Communication Systems Fundamentals,Integration and documentation,"Communication Systems Fundamentals — Integration, Documentation, and Handover",foundation,8,Beyond wired/wireless intercom equipment | laptop-based communication tools | wired intercom | diagramming tools | headsets | cable tester,"Integrate the four communication systems fundamentals skill areas into one reproducible workflow, diagram, checklist, evidence pack, and handover note.","Baseline evidence, completed practical artifact, independent verification, safety/restoration record, and short professional report."
20,DAY_020,2,Communication Systems Fundamentals,Assessment and presentation,Communication Systems Fundamentals — Assessment Project,foundation,8,Beyond wired/wireless intercom equipment | laptop-based communication tools | wired intercom | diagramming tools | headsets | cable tester,"Plan, execute, verify, present, and safely close an assessment project covering the complete communication systems fundamentals phase.","Assessment demonstration, reproducible project/equipment package, verification and restoration evidence, safety review, and professional report."
21,DAY_021,3,"Cables, Connectors, and Patch Practice",Orientation and setup,Xlr Pinouts And Intercom Cabling — Foundations and Vocabulary,foundation,8,Beyond wired/wireless intercom equipment | laptop-based communication tools | intercom cables | cable tester | label tools | PPE,"Explain and demonstrate XLR pinouts and intercom cabling through an authorized baseline, measurable check, documented failure mode, and independent verification.","Baseline evidence, completed practical artifact, independent verification, safety/restoration record, and short professional report."
22,DAY_022,3,"Cables, Connectors, and Patch Practice",Concept development,Xlr Pinouts And Intercom Cabling — Applied Baseline Lab,foundation,8,Beyond wired/wireless intercom equipment | laptop-based communication tools | intercom cables | cable tester | label tools | PPE,"Complete a supervised applied lab for XLR pinouts and intercom cabling, record expected versus observed results, diagnose one controlled fault, and restore the approved state.","Baseline evidence, completed practical artifact, independent verification, safety/restoration record, and short professional report."
23,DAY_023,3,"Cables, Connectors, and Patch Practice",Guided laboratory,Ethernet Fiber And Adapter Identification — Architecture and Components,foundation,8,Beyond wired/wireless intercom equipment | laptop-based communication tools | intercom cables | cable tester | label tools | PPE,"Explain and demonstrate Ethernet fiber and adapter identification through an authorized baseline, measurable check, documented failure mode, and independent verification.","Baseline evidence, completed practical artifact, independent verification, safety/restoration record, and short professional report."
24,DAY_024,3,"Cables, Connectors, and Patch Practice",Guided laboratory,Ethernet Fiber And Adapter Identification — Configuration Lab,foundation,8,Beyond wired/wireless intercom equipment | laptop-based communication tools | intercom cables | cable tester | label tools | PPE,"Complete a supervised applied lab for Ethernet fiber and adapter identification, record expected versus observed results, diagnose one controlled fault, and restore the approved state.","Baseline evidence, completed practical artifact, independent verification, safety/restoration record, and short professional report."
25,DAY_025,3,"Cables, Connectors, and Patch Practice",Applied practice,Labeling Strain Relief And Cable Care — Design and Technique,foundation,8,Beyond wired/wireless intercom equipment | laptop-based communication tools | intercom cables | cable tester | label tools | PPE,"Explain and demonstrate labeling strain relief and cable care through an authorized baseline, measurable check, documented failure mode, and independent verification.","Baseline evidence, completed practical artifact, independent verification, safety/restoration record, and short professional report."
26,DAY_026,3,"Cables, Connectors, and Patch Practice",Operations and measurement,Labeling Strain Relief And Cable Care — Operations and Measurement,foundation,8,Beyond wired/wireless intercom equipment | laptop-based communication tools | intercom cables | cable tester | label tools | PPE,"Complete a supervised applied lab for labeling strain relief and cable care, record expected versus observed results, diagnose one controlled fault, and restore the approved state.","Baseline evidence, completed practical artifact, independent verification, safety/restoration record, and short professional report."
27,DAY_027,3,"Cables, Connectors, and Patch Practice",Troubleshooting laboratory,Continuity Polarity And Fault Isolation — Troubleshooting and Failure Modes,foundation,8,Beyond wired/wireless intercom equipment | laptop-based communication tools | intercom cables | cable tester | label tools | PPE,"Explain and demonstrate continuity polarity and fault isolation through an authorized baseline, measurable check, documented failure mode, and independent verification.","Baseline evidence, completed practical artifact, independent verification, safety/restoration record, and short professional report."
28,DAY_028,3,"Cables, Connectors, and Patch Practice",Safety and quality review,"Continuity Polarity And Fault Isolation — Safety, Quality, and Verification",foundation,8,Beyond wired/wireless intercom equipment | laptop-based communication tools | intercom cables | cable tester | label tools | PPE,"Complete a supervised applied lab for continuity polarity and fault isolation, record expected versus observed results, diagnose one controlled fault, and restore the approved state.","Baseline evidence, completed practical artifact, independent verification, safety/restoration record, and short professional report."
29,DAY_029,3,"Cables, Connectors, and Patch Practice",Integration and documentation,"Cables, Connectors, and Patch Practice — Integration, Documentation, and Handover",foundation,8,Beyond wired/wireless intercom equipment | laptop-based communication tools | intercom cables | cable tester | label tools | PPE,"Integrate the four cables, connectors, and patch practice skill areas into one reproducible workflow, diagram, checklist, evidence pack, and handover note.","Baseline evidence, completed practical artifact, independent verification, safety/restoration record, and short professional report."
30,DAY_030,3,"Cables, Connectors, and Patch Practice",Assessment and presentation,"Cables, Connectors, and Patch Practice — Assessment Project",foundation,8,Beyond wired/wireless intercom equipment | laptop-based communication tools | intercom cables | cable tester | label tools | PPE,"Plan, execute, verify, present, and safely close an assessment project covering the complete cables, connectors, and patch practice phase.","Assessment demonstration, reproducible project/equipment package, verification and restoration evidence, safety review, and professional report."
31,DAY_031,4,Wired Partyline Systems,Orientation and setup,Power Supplies And Station Loading — Foundations and Vocabulary,foundation-to-intermediate,8,Beyond wired/wireless intercom equipment | laptop-based communication tools | wired partyline system | beltpacks | headsets | multimeter where approved,"Explain and demonstrate power supplies and station loading through an authorized baseline, measurable check, documented failure mode, and independent verification.","Baseline evidence, completed practical artifact, independent verification, safety/restoration record, and short professional report."
32,DAY_032,4,Wired Partyline Systems,Concept development,Power Supplies And Station Loading — Applied Baseline Lab,foundation-to-intermediate,8,Beyond wired/wireless intercom equipment | laptop-based communication tools | wired partyline system | beltpacks | headsets | multimeter where approved,"Complete a supervised applied lab for power supplies and station loading, record expected versus observed results, diagnose one controlled fault, and restore the approved state.","Baseline evidence, completed practical artifact, independent verification, safety/restoration record, and short professional report."
33,DAY_033,4,Wired Partyline Systems,Guided laboratory,Channels Beltpacks And Call Signaling — Architecture and Components,foundation-to-intermediate,8,Beyond wired/wireless intercom equipment | laptop-based communication tools | wired partyline system | beltpacks | headsets | multimeter where approved,"Explain and demonstrate channels beltpacks and call signaling through an authorized baseline, measurable check, documented failure mode, and independent verification.","Baseline evidence, completed practical artifact, independent verification, safety/restoration record, and short professional report."
34,DAY_034,4,Wired Partyline Systems,Guided laboratory,Channels Beltpacks And Call Signaling — Configuration Lab,foundation-to-intermediate,8,Beyond wired/wireless intercom equipment | laptop-based communication tools | wired partyline system | beltpacks | headsets | multimeter where approved,"Complete a supervised applied lab for channels beltpacks and call signaling, record expected versus observed results, diagnose one controlled fault, and restore the approved state.","Baseline evidence, completed practical artifact, independent verification, safety/restoration record, and short professional report."
35,DAY_035,4,Wired Partyline Systems,Applied practice,Terminations Isolation And Hum — Design and Technique,foundation-to-intermediate,8,Beyond wired/wireless intercom equipment | laptop-based communication tools | wired partyline system | beltpacks | headsets | multimeter where approved,"Explain and demonstrate terminations isolation and hum through an authorized baseline, measurable check, documented failure mode, and independent verification.","Baseline evidence, completed practical artifact, independent verification, safety/restoration record, and short professional report."
36,DAY_036,4,Wired Partyline Systems,Operations and measurement,Terminations Isolation And Hum — Operations and Measurement,foundation-to-intermediate,8,Beyond wired/wireless intercom equipment | laptop-based communication tools | wired partyline system | beltpacks | headsets | multimeter where approved,"Complete a supervised applied lab for terminations isolation and hum, record expected versus observed results, diagnose one controlled fault, and restore the approved state.","Baseline evidence, completed practical artifact, independent verification, safety/restoration record, and short professional report."
37,DAY_037,4,Wired Partyline Systems,Troubleshooting laboratory,Deployment Testing And Backup Paths — Troubleshooting and Failure Modes,foundation-to-intermediate,8,Beyond wired/wireless intercom equipment | laptop-based communication tools | wired partyline system | beltpacks | headsets | multimeter where approved,"Explain and demonstrate deployment testing and backup paths through an authorized baseline, measurable check, documented failure mode, and independent verification.","Baseline evidence, completed practical artifact, independent verification, safety/restoration record, and short professional report."
38,DAY_038,4,Wired Partyline Systems,Safety and quality review,"Deployment Testing And Backup Paths — Safety, Quality, and Verification",foundation-to-intermediate,8,Beyond wired/wireless intercom equipment | laptop-based communication tools | wired partyline system | beltpacks | headsets | multimeter where approved,"Complete a supervised applied lab for deployment testing and backup paths, record expected versus observed results, diagnose one controlled fault, and restore the approved state.","Baseline evidence, completed practical artifact, independent verification, safety/restoration record, and short professional report."
39,DAY_039,4,Wired Partyline Systems,Integration and documentation,"Wired Partyline Systems — Integration, Documentation, and Handover",foundation-to-intermediate,8,Beyond wired/wireless intercom equipment | laptop-based communication tools | wired partyline system | beltpacks | headsets | multimeter where approved,"Integrate the four wired partyline systems skill areas into one reproducible workflow, diagram, checklist, evidence pack, and handover note.","Baseline evidence, completed practical artifact, independent verification, safety/restoration record, and short professional report."
40,DAY_040,4,Wired Partyline Systems,Assessment and presentation,Wired Partyline Systems — Assessment Project,foundation-to-intermediate,8,Beyond wired/wireless intercom equipment | laptop-based communication tools | wired partyline system | beltpacks | headsets | multimeter where approved,"Plan, execute, verify, present, and safely close an assessment project covering the complete wired partyline systems phase.","Assessment demonstration, reproducible project/equipment package, verification and restoration evidence, safety review, and professional report."
41,DAY_041,5,Wireless Intercom Fundamentals,Orientation and setup,Radio Spectrum Channels And Coordination — Foundations and Vocabulary,foundation-to-intermediate,8,Beyond wired/wireless intercom equipment | laptop-based communication tools | wireless intercom | spectrum/coordination tools | antennas | battery tools,"Explain and demonstrate radio spectrum channels and coordination through an authorized baseline, measurable check, documented failure mode, and independent verification.","Baseline evidence, completed practical artifact, independent verification, safety/restoration record, and short professional report."
42,DAY_042,5,Wireless Intercom Fundamentals,Concept development,Radio Spectrum Channels And Coordination — Applied Baseline Lab,foundation-to-intermediate,8,Beyond wired/wireless intercom equipment | laptop-based communication tools | wireless intercom | spectrum/coordination tools | antennas | battery tools,"Complete a supervised applied lab for radio spectrum channels and coordination, record expected versus observed results, diagnose one controlled fault, and restore the approved state.","Baseline evidence, completed practical artifact, independent verification, safety/restoration record, and short professional report."
43,DAY_043,5,Wireless Intercom Fundamentals,Guided laboratory,Base Stations Antennas And Coverage — Architecture and Components,foundation-to-intermediate,8,Beyond wired/wireless intercom equipment | laptop-based communication tools | wireless intercom | spectrum/coordination tools | antennas | battery tools,"Explain and demonstrate base stations antennas and coverage through an authorized baseline, measurable check, documented failure mode, and independent verification.","Baseline evidence, completed practical artifact, independent verification, safety/restoration record, and short professional report."
44,DAY_044,5,Wireless Intercom Fundamentals,Guided laboratory,Base Stations Antennas And Coverage — Configuration Lab,foundation-to-intermediate,8,Beyond wired/wireless intercom equipment | laptop-based communication tools | wireless intercom | spectrum/coordination tools | antennas | battery tools,"Complete a supervised applied lab for base stations antennas and coverage, record expected versus observed results, diagnose one controlled fault, and restore the approved state.","Baseline evidence, completed practical artifact, independent verification, safety/restoration record, and short professional report."
45,DAY_045,5,Wireless Intercom Fundamentals,Applied practice,Beltpack Pairing Groups And Permissions — Design and Technique,foundation-to-intermediate,8,Beyond wired/wireless intercom equipment | laptop-based communication tools | wireless intercom | spectrum/coordination tools | antennas | battery tools,"Explain and demonstrate beltpack pairing groups and permissions through an authorized baseline, measurable check, documented failure mode, and independent verification.","Baseline evidence, completed practical artifact, independent verification, safety/restoration record, and short professional report."
46,DAY_046,5,Wireless Intercom Fundamentals,Operations and measurement,Beltpack Pairing Groups And Permissions — Operations and Measurement,foundation-to-intermediate,8,Beyond wired/wireless intercom equipment | laptop-based communication tools | wireless intercom | spectrum/coordination tools | antennas | battery tools,"Complete a supervised applied lab for beltpack pairing groups and permissions, record expected versus observed results, diagnose one controlled fault, and restore the approved state.","Baseline evidence, completed practical artifact, independent verification, safety/restoration record, and short professional report."
47,DAY_047,5,Wireless Intercom Fundamentals,Troubleshooting laboratory,Battery Runtime Interference And Roaming — Troubleshooting and Failure Modes,foundation-to-intermediate,8,Beyond wired/wireless intercom equipment | laptop-based communication tools | wireless intercom | spectrum/coordination tools | antennas | battery tools,"Explain and demonstrate battery runtime interference and roaming through an authorized baseline, measurable check, documented failure mode, and independent verification.","Baseline evidence, completed practical artifact, independent verification, safety/restoration record, and short professional report."
48,DAY_048,5,Wireless Intercom Fundamentals,Safety and quality review,"Battery Runtime Interference And Roaming — Safety, Quality, and Verification",foundation-to-intermediate,8,Beyond wired/wireless intercom equipment | laptop-based communication tools | wireless intercom | spectrum/coordination tools | antennas | battery tools,"Complete a supervised applied lab for battery runtime interference and roaming, record expected versus observed results, diagnose one controlled fault, and restore the approved state.","Baseline evidence, completed practical artifact, independent verification, safety/restoration record, and short professional report."
49,DAY_049,5,Wireless Intercom Fundamentals,Integration and documentation,"Wireless Intercom Fundamentals — Integration, Documentation, and Handover",foundation-to-intermediate,8,Beyond wired/wireless intercom equipment | laptop-based communication tools | wireless intercom | spectrum/coordination tools | antennas | battery tools,"Integrate the four wireless intercom fundamentals skill areas into one reproducible workflow, diagram, checklist, evidence pack, and handover note.","Baseline evidence, completed practical artifact, independent verification, safety/restoration record, and short professional report."
50,DAY_050,5,Wireless Intercom Fundamentals,Assessment and presentation,Wireless Intercom Fundamentals — Assessment Project,foundation-to-intermediate,8,Beyond wired/wireless intercom equipment | laptop-based communication tools | wireless intercom | spectrum/coordination tools | antennas | battery tools,"Plan, execute, verify, present, and safely close an assessment project covering the complete wireless intercom fundamentals phase.","Assessment demonstration, reproducible project/equipment package, verification and restoration evidence, safety review, and professional report."
51,DAY_051,6,Matrix Intercom Concepts,Orientation and setup,Ports Panels Keys And Labels — Foundations and Vocabulary,foundation-to-intermediate,8,Beyond wired/wireless intercom equipment | laptop-based communication tools | matrix intercom/simulator | configuration software | panels | documentation,"Explain and demonstrate ports panels keys and labels through an authorized baseline, measurable check, documented failure mode, and independent verification.","Baseline evidence, completed practical artifact, independent verification, safety/restoration record, and short professional report."
52,DAY_052,6,Matrix Intercom Concepts,Concept development,Ports Panels Keys And Labels — Applied Baseline Lab,foundation-to-intermediate,8,Beyond wired/wireless intercom equipment | laptop-based communication tools | matrix intercom/simulator | configuration software | panels | documentation,"Complete a supervised applied lab for ports panels keys and labels, record expected versus observed results, diagnose one controlled fault, and restore the approved state.","Baseline evidence, completed practical artifact, independent verification, safety/restoration record, and short professional report."
53,DAY_053,6,Matrix Intercom Concepts,Guided laboratory,Crosspoints Conferences And Ifbs — Architecture and Components,foundation-to-intermediate,8,Beyond wired/wireless intercom equipment | laptop-based communication tools | matrix intercom/simulator | configuration software | panels | documentation,"Explain and demonstrate crosspoints conferences and IFBs through an authorized baseline, measurable check, documented failure mode, and independent verification.","Baseline evidence, completed practical artifact, independent verification, safety/restoration record, and short professional report."
54,DAY_054,6,Matrix Intercom Concepts,Guided laboratory,Crosspoints Conferences And Ifbs — Configuration Lab,foundation-to-intermediate,8,Beyond wired/wireless intercom equipment | laptop-based communication tools | matrix intercom/simulator | configuration software | panels | documentation,"Complete a supervised applied lab for crosspoints conferences and IFBs, record expected versus observed results, diagnose one controlled fault, and restore the approved state.","Baseline evidence, completed practical artifact, independent verification, safety/restoration record, and short professional report."
55,DAY_055,6,Matrix Intercom Concepts,Applied practice,Roles Permissions And Configuration Backups — Design and Technique,foundation-to-intermediate,8,Beyond wired/wireless intercom equipment | laptop-based communication tools | matrix intercom/simulator | configuration software | panels | documentation,"Explain and demonstrate roles permissions and configuration backups through an authorized baseline, measurable check, documented failure mode, and independent verification.","Baseline evidence, completed practical artifact, independent verification, safety/restoration record, and short professional report."
56,DAY_056,6,Matrix Intercom Concepts,Operations and measurement,Roles Permissions And Configuration Backups — Operations and Measurement,foundation-to-intermediate,8,Beyond wired/wireless intercom equipment | laptop-based communication tools | matrix intercom/simulator | configuration software | panels | documentation,"Complete a supervised applied lab for roles permissions and configuration backups, record expected versus observed results, diagnose one controlled fault, and restore the approved state.","Baseline evidence, completed practical artifact, independent verification, safety/restoration record, and short professional report."
57,DAY_057,6,Matrix Intercom Concepts,Troubleshooting laboratory,Logic Triggers And Control Interfaces — Troubleshooting and Failure Modes,foundation-to-intermediate,8,Beyond wired/wireless intercom equipment | laptop-based communication tools | matrix intercom/simulator | configuration software | panels | documentation,"Explain and demonstrate logic triggers and control interfaces through an authorized baseline, measurable check, documented failure mode, and independent verification.","Baseline evidence, completed practical artifact, independent verification, safety/restoration record, and short professional report."
58,DAY_058,6,Matrix Intercom Concepts,Safety and quality review,"Logic Triggers And Control Interfaces — Safety, Quality, and Verification",foundation-to-intermediate,8,Beyond wired/wireless intercom equipment | laptop-based communication tools | matrix intercom/simulator | configuration software | panels | documentation,"Complete a supervised applied lab for logic triggers and control interfaces, record expected versus observed results, diagnose one controlled fault, and restore the approved state.","Baseline evidence, completed practical artifact, independent verification, safety/restoration record, and short professional report."
59,DAY_059,6,Matrix Intercom Concepts,Integration and documentation,"Matrix Intercom Concepts — Integration, Documentation, and Handover",foundation-to-intermediate,8,Beyond wired/wireless intercom equipment | laptop-based communication tools | matrix intercom/simulator | configuration software | panels | documentation,"Integrate the four matrix intercom concepts skill areas into one reproducible workflow, diagram, checklist, evidence pack, and handover note.","Baseline evidence, completed practical artifact, independent verification, safety/restoration record, and short professional report."
60,DAY_060,6,Matrix Intercom Concepts,Assessment and presentation,Matrix Intercom Concepts — Assessment Project,foundation-to-intermediate,8,Beyond wired/wireless intercom equipment | laptop-based communication tools | matrix intercom/simulator | configuration software | panels | documentation,"Plan, execute, verify, present, and safely close an assessment project covering the complete matrix intercom concepts phase.","Assessment demonstration, reproducible project/equipment package, verification and restoration evidence, safety review, and professional report."
61,DAY_061,7,IP Intercom and Network Audio,Orientation and setup,Ip Addressing Vlan And Qos Concepts — Foundations and Vocabulary,foundation-to-intermediate,8,Beyond wired/wireless intercom equipment | laptop-based communication tools | IP intercom equipment | managed switch lab | laptop software | packet capture,"Explain and demonstrate IP addressing VLAN and QoS concepts through an authorized baseline, measurable check, documented failure mode, and independent verification.","Baseline evidence, completed practical artifact, independent verification, safety/restoration record, and short professional report."
62,DAY_062,7,IP Intercom and Network Audio,Concept development,Ip Addressing Vlan And Qos Concepts — Applied Baseline Lab,foundation-to-intermediate,8,Beyond wired/wireless intercom equipment | laptop-based communication tools | IP intercom equipment | managed switch lab | laptop software | packet capture,"Complete a supervised applied lab for IP addressing VLAN and QoS concepts, record expected versus observed results, diagnose one controlled fault, and restore the approved state.","Baseline evidence, completed practical artifact, independent verification, safety/restoration record, and short professional report."
63,DAY_063,7,IP Intercom and Network Audio,Guided laboratory,Device Discovery Synchronization And Multicast — Architecture and Components,foundation-to-intermediate,8,Beyond wired/wireless intercom equipment | laptop-based communication tools | IP intercom equipment | managed switch lab | laptop software | packet capture,"Explain and demonstrate device discovery synchronization and multicast through an authorized baseline, measurable check, documented failure mode, and independent verification.","Baseline evidence, completed practical artifact, independent verification, safety/restoration record, and short professional report."
64,DAY_064,7,IP Intercom and Network Audio,Guided laboratory,Device Discovery Synchronization And Multicast — Configuration Lab,foundation-to-intermediate,8,Beyond wired/wireless intercom equipment | laptop-based communication tools | IP intercom equipment | managed switch lab | laptop software | packet capture,"Complete a supervised applied lab for device discovery synchronization and multicast, record expected versus observed results, diagnose one controlled fault, and restore the approved state.","Baseline evidence, completed practical artifact, independent verification, safety/restoration record, and short professional report."
65,DAY_065,7,IP Intercom and Network Audio,Applied practice,Network Redundancy And Latency — Design and Technique,foundation-to-intermediate,8,Beyond wired/wireless intercom equipment | laptop-based communication tools | IP intercom equipment | managed switch lab | laptop software | packet capture,"Explain and demonstrate network redundancy and latency through an authorized baseline, measurable check, documented failure mode, and independent verification.","Baseline evidence, completed practical artifact, independent verification, safety/restoration record, and short professional report."
66,DAY_066,7,IP Intercom and Network Audio,Operations and measurement,Network Redundancy And Latency — Operations and Measurement,foundation-to-intermediate,8,Beyond wired/wireless intercom equipment | laptop-based communication tools | IP intercom equipment | managed switch lab | laptop software | packet capture,"Complete a supervised applied lab for network redundancy and latency, record expected versus observed results, diagnose one controlled fault, and restore the approved state.","Baseline evidence, completed practical artifact, independent verification, safety/restoration record, and short professional report."
67,DAY_067,7,IP Intercom and Network Audio,Troubleshooting laboratory,Secure Access Firmware And Logging — Troubleshooting and Failure Modes,foundation-to-intermediate,8,Beyond wired/wireless intercom equipment | laptop-based communication tools | IP intercom equipment | managed switch lab | laptop software | packet capture,"Explain and demonstrate secure access firmware and logging through an authorized baseline, measurable check, documented failure mode, and independent verification.","Baseline evidence, completed practical artifact, independent verification, safety/restoration record, and short professional report."
68,DAY_068,7,IP Intercom and Network Audio,Safety and quality review,"Secure Access Firmware And Logging — Safety, Quality, and Verification",foundation-to-intermediate,8,Beyond wired/wireless intercom equipment | laptop-based communication tools | IP intercom equipment | managed switch lab | laptop software | packet capture,"Complete a supervised applied lab for secure access firmware and logging, record expected versus observed results, diagnose one controlled fault, and restore the approved state.","Baseline evidence, completed practical artifact, independent verification, safety/restoration record, and short professional report."
69,DAY_069,7,IP Intercom and Network Audio,Integration and documentation,"IP Intercom and Network Audio — Integration, Documentation, and Handover",foundation-to-intermediate,8,Beyond wired/wireless intercom equipment | laptop-based communication tools | IP intercom equipment | managed switch lab | laptop software | packet capture,"Integrate the four ip intercom and network audio skill areas into one reproducible workflow, diagram, checklist, evidence pack, and handover note.","Baseline evidence, completed practical artifact, independent verification, safety/restoration record, and short professional report."
70,DAY_070,7,IP Intercom and Network Audio,Assessment and presentation,IP Intercom and Network Audio — Assessment Project,foundation-to-intermediate,8,Beyond wired/wireless intercom equipment | laptop-based communication tools | IP intercom equipment | managed switch lab | laptop software | packet capture,"Plan, execute, verify, present, and safely close an assessment project covering the complete ip intercom and network audio phase.","Assessment demonstration, reproducible project/equipment package, verification and restoration evidence, safety review, and professional report."
71,DAY_071,8,"Headsets, Microphones, and User Ergonomics",Orientation and setup,Headset Connector And Impedance — Foundations and Vocabulary,foundation-to-intermediate,8,Beyond wired/wireless intercom equipment | laptop-based communication tools | headsets | beltpacks | measurement tools | hygiene supplies,"Explain and demonstrate headset connector and impedance through an authorized baseline, measurable check, documented failure mode, and independent verification.","Baseline evidence, completed practical artifact, independent verification, safety/restoration record, and short professional report."
72,DAY_072,8,"Headsets, Microphones, and User Ergonomics",Concept development,Headset Connector And Impedance — Applied Baseline Lab,foundation-to-intermediate,8,Beyond wired/wireless intercom equipment | laptop-based communication tools | headsets | beltpacks | measurement tools | hygiene supplies,"Complete a supervised applied lab for headset connector and impedance, record expected versus observed results, diagnose one controlled fault, and restore the approved state.","Baseline evidence, completed practical artifact, independent verification, safety/restoration record, and short professional report."
73,DAY_073,8,"Headsets, Microphones, and User Ergonomics",Guided laboratory,Boom Microphone Placement And Gain — Architecture and Components,foundation-to-intermediate,8,Beyond wired/wireless intercom equipment | laptop-based communication tools | headsets | beltpacks | measurement tools | hygiene supplies,"Explain and demonstrate boom microphone placement and gain through an authorized baseline, measurable check, documented failure mode, and independent verification.","Baseline evidence, completed practical artifact, independent verification, safety/restoration record, and short professional report."
74,DAY_074,8,"Headsets, Microphones, and User Ergonomics",Guided laboratory,Boom Microphone Placement And Gain — Configuration Lab,foundation-to-intermediate,8,Beyond wired/wireless intercom equipment | laptop-based communication tools | headsets | beltpacks | measurement tools | hygiene supplies,"Complete a supervised applied lab for boom microphone placement and gain, record expected versus observed results, diagnose one controlled fault, and restore the approved state.","Baseline evidence, completed practical artifact, independent verification, safety/restoration record, and short professional report."
75,DAY_075,8,"Headsets, Microphones, and User Ergonomics",Applied practice,Sidetone Comfort And Hearing Protection — Design and Technique,foundation-to-intermediate,8,Beyond wired/wireless intercom equipment | laptop-based communication tools | headsets | beltpacks | measurement tools | hygiene supplies,"Explain and demonstrate sidetone comfort and hearing protection through an authorized baseline, measurable check, documented failure mode, and independent verification.","Baseline evidence, completed practical artifact, independent verification, safety/restoration record, and short professional report."
76,DAY_076,8,"Headsets, Microphones, and User Ergonomics",Operations and measurement,Sidetone Comfort And Hearing Protection — Operations and Measurement,foundation-to-intermediate,8,Beyond wired/wireless intercom equipment | laptop-based communication tools | headsets | beltpacks | measurement tools | hygiene supplies,"Complete a supervised applied lab for sidetone comfort and hearing protection, record expected versus observed results, diagnose one controlled fault, and restore the approved state.","Baseline evidence, completed practical artifact, independent verification, safety/restoration record, and short professional report."
77,DAY_077,8,"Headsets, Microphones, and User Ergonomics",Troubleshooting laboratory,Cleaning Hygiene And Shared-Use Controls — Troubleshooting and Failure Modes,foundation-to-intermediate,8,Beyond wired/wireless intercom equipment | laptop-based communication tools | headsets | beltpacks | measurement tools | hygiene supplies,"Explain and demonstrate cleaning hygiene and shared-use controls through an authorized baseline, measurable check, documented failure mode, and independent verification.","Baseline evidence, completed practical artifact, independent verification, safety/restoration record, and short professional report."
78,DAY_078,8,"Headsets, Microphones, and User Ergonomics",Safety and quality review,"Cleaning Hygiene And Shared-Use Controls — Safety, Quality, and Verification",foundation-to-intermediate,8,Beyond wired/wireless intercom equipment | laptop-based communication tools | headsets | beltpacks | measurement tools | hygiene supplies,"Complete a supervised applied lab for cleaning hygiene and shared-use controls, record expected versus observed results, diagnose one controlled fault, and restore the approved state.","Baseline evidence, completed practical artifact, independent verification, safety/restoration record, and short professional report."
79,DAY_079,8,"Headsets, Microphones, and User Ergonomics",Integration and documentation,"Headsets, Microphones, and User Ergonomics — Integration, Documentation, and Handover",foundation-to-intermediate,8,Beyond wired/wireless intercom equipment | laptop-based communication tools | headsets | beltpacks | measurement tools | hygiene supplies,"Integrate the four headsets, microphones, and user ergonomics skill areas into one reproducible workflow, diagram, checklist, evidence pack, and handover note.","Baseline evidence, completed practical artifact, independent verification, safety/restoration record, and short professional report."
80,DAY_080,8,"Headsets, Microphones, and User Ergonomics",Assessment and presentation,"Headsets, Microphones, and User Ergonomics — Assessment Project",foundation-to-intermediate,8,Beyond wired/wireless intercom equipment | laptop-based communication tools | headsets | beltpacks | measurement tools | hygiene supplies,"Plan, execute, verify, present, and safely close an assessment project covering the complete headsets, microphones, and user ergonomics phase.","Assessment demonstration, reproducible project/equipment package, verification and restoration evidence, safety review, and professional report."
81,DAY_081,9,Production Roles and Show Communications,Orientation and setup,Stage Management And Cue Protocols — Foundations and Vocabulary,intermediate,8,Beyond wired/wireless intercom equipment | laptop-based communication tools | production intercom | show documentation | cue sheets | radios where approved,"Explain and demonstrate stage management and cue protocols through an authorized baseline, measurable check, documented failure mode, and independent verification.","Baseline evidence, completed practical artifact, independent verification, safety/restoration record, and short professional report."
82,DAY_082,9,Production Roles and Show Communications,Concept development,Stage Management And Cue Protocols — Applied Baseline Lab,intermediate,8,Beyond wired/wireless intercom equipment | laptop-based communication tools | production intercom | show documentation | cue sheets | radios where approved,"Complete a supervised applied lab for stage management and cue protocols, record expected versus observed results, diagnose one controlled fault, and restore the approved state.","Baseline evidence, completed practical artifact, independent verification, safety/restoration record, and short professional report."
83,DAY_083,9,Production Roles and Show Communications,Guided laboratory,Foh Monitor Lighting Video And Camera Channels — Architecture and Components,intermediate,8,Beyond wired/wireless intercom equipment | laptop-based communication tools | production intercom | show documentation | cue sheets | radios where approved,"Explain and demonstrate FOH monitor lighting video and camera channels through an authorized baseline, measurable check, documented failure mode, and independent verification.","Baseline evidence, completed practical artifact, independent verification, safety/restoration record, and short professional report."
84,DAY_084,9,Production Roles and Show Communications,Guided laboratory,Foh Monitor Lighting Video And Camera Channels — Configuration Lab,intermediate,8,Beyond wired/wireless intercom equipment | laptop-based communication tools | production intercom | show documentation | cue sheets | radios where approved,"Complete a supervised applied lab for FOH monitor lighting video and camera channels, record expected versus observed results, diagnose one controlled fault, and restore the approved state.","Baseline evidence, completed practical artifact, independent verification, safety/restoration record, and short professional report."
85,DAY_085,9,Production Roles and Show Communications,Applied practice,Private Line Ifb And Talent Communication — Design and Technique,intermediate,8,Beyond wired/wireless intercom equipment | laptop-based communication tools | production intercom | show documentation | cue sheets | radios where approved,"Explain and demonstrate private line IFB and talent communication through an authorized baseline, measurable check, documented failure mode, and independent verification.","Baseline evidence, completed practical artifact, independent verification, safety/restoration record, and short professional report."
86,DAY_086,9,Production Roles and Show Communications,Operations and measurement,Private Line Ifb And Talent Communication — Operations and Measurement,intermediate,8,Beyond wired/wireless intercom equipment | laptop-based communication tools | production intercom | show documentation | cue sheets | radios where approved,"Complete a supervised applied lab for private line IFB and talent communication, record expected versus observed results, diagnose one controlled fault, and restore the approved state.","Baseline evidence, completed practical artifact, independent verification, safety/restoration record, and short professional report."
87,DAY_087,9,Production Roles and Show Communications,Troubleshooting laboratory,Escalation Priority And Emergency Procedures — Troubleshooting and Failure Modes,intermediate,8,Beyond wired/wireless intercom equipment | laptop-based communication tools | production intercom | show documentation | cue sheets | radios where approved,"Explain and demonstrate escalation priority and emergency procedures through an authorized baseline, measurable check, documented failure mode, and independent verification.","Baseline evidence, completed practical artifact, independent verification, safety/restoration record, and short professional report."
88,DAY_088,9,Production Roles and Show Communications,Safety and quality review,"Escalation Priority And Emergency Procedures — Safety, Quality, and Verification",intermediate,8,Beyond wired/wireless intercom equipment | laptop-based communication tools | production intercom | show documentation | cue sheets | radios where approved,"Complete a supervised applied lab for escalation priority and emergency procedures, record expected versus observed results, diagnose one controlled fault, and restore the approved state.","Baseline evidence, completed practical artifact, independent verification, safety/restoration record, and short professional report."
89,DAY_089,9,Production Roles and Show Communications,Integration and documentation,"Production Roles and Show Communications — Integration, Documentation, and Handover",intermediate,8,Beyond wired/wireless intercom equipment | laptop-based communication tools | production intercom | show documentation | cue sheets | radios where approved,"Integrate the four production roles and show communications skill areas into one reproducible workflow, diagram, checklist, evidence pack, and handover note.","Baseline evidence, completed practical artifact, independent verification, safety/restoration record, and short professional report."
90,DAY_090,9,Production Roles and Show Communications,Assessment and presentation,Production Roles and Show Communications — Assessment Project,intermediate,8,Beyond wired/wireless intercom equipment | laptop-based communication tools | production intercom | show documentation | cue sheets | radios where approved,"Plan, execute, verify, present, and safely close an assessment project covering the complete production roles and show communications phase.","Assessment demonstration, reproducible project/equipment package, verification and restoration evidence, safety review, and professional report."
91,DAY_091,10,System Design and Coverage Planning,Orientation and setup,User Count Roles And Channel Requirements — Foundations and Vocabulary,intermediate,8,Beyond wired/wireless intercom equipment | laptop-based communication tools | diagramming tools | equipment inventory | site plans | planning sheets,"Explain and demonstrate user count roles and channel requirements through an authorized baseline, measurable check, documented failure mode, and independent verification.","Baseline evidence, completed practical artifact, independent verification, safety/restoration record, and short professional report."
92,DAY_092,10,System Design and Coverage Planning,Concept development,User Count Roles And Channel Requirements — Applied Baseline Lab,intermediate,8,Beyond wired/wireless intercom equipment | laptop-based communication tools | diagramming tools | equipment inventory | site plans | planning sheets,"Complete a supervised applied lab for user count roles and channel requirements, record expected versus observed results, diagnose one controlled fault, and restore the approved state.","Baseline evidence, completed practical artifact, independent verification, safety/restoration record, and short professional report."
93,DAY_093,10,System Design and Coverage Planning,Guided laboratory,Wired Wireless And Hybrid Topology — Architecture and Components,intermediate,8,Beyond wired/wireless intercom equipment | laptop-based communication tools | diagramming tools | equipment inventory | site plans | planning sheets,"Explain and demonstrate wired wireless and hybrid topology through an authorized baseline, measurable check, documented failure mode, and independent verification.","Baseline evidence, completed practical artifact, independent verification, safety/restoration record, and short professional report."
94,DAY_094,10,System Design and Coverage Planning,Guided laboratory,Wired Wireless And Hybrid Topology — Configuration Lab,intermediate,8,Beyond wired/wireless intercom equipment | laptop-based communication tools | diagramming tools | equipment inventory | site plans | planning sheets,"Complete a supervised applied lab for wired wireless and hybrid topology, record expected versus observed results, diagnose one controlled fault, and restore the approved state.","Baseline evidence, completed practical artifact, independent verification, safety/restoration record, and short professional report."
95,DAY_095,10,System Design and Coverage Planning,Applied practice,Coverage Antenna And Cable Planning — Design and Technique,intermediate,8,Beyond wired/wireless intercom equipment | laptop-based communication tools | diagramming tools | equipment inventory | site plans | planning sheets,"Explain and demonstrate coverage antenna and cable planning through an authorized baseline, measurable check, documented failure mode, and independent verification.","Baseline evidence, completed practical artifact, independent verification, safety/restoration record, and short professional report."
96,DAY_096,10,System Design and Coverage Planning,Operations and measurement,Coverage Antenna And Cable Planning — Operations and Measurement,intermediate,8,Beyond wired/wireless intercom equipment | laptop-based communication tools | diagramming tools | equipment inventory | site plans | planning sheets,"Complete a supervised applied lab for coverage antenna and cable planning, record expected versus observed results, diagnose one controlled fault, and restore the approved state.","Baseline evidence, completed practical artifact, independent verification, safety/restoration record, and short professional report."
97,DAY_097,10,System Design and Coverage Planning,Troubleshooting laboratory,Power Redundancy And Spare Strategy — Troubleshooting and Failure Modes,intermediate,8,Beyond wired/wireless intercom equipment | laptop-based communication tools | diagramming tools | equipment inventory | site plans | planning sheets,"Explain and demonstrate power redundancy and spare strategy through an authorized baseline, measurable check, documented failure mode, and independent verification.","Baseline evidence, completed practical artifact, independent verification, safety/restoration record, and short professional report."
98,DAY_098,10,System Design and Coverage Planning,Safety and quality review,"Power Redundancy And Spare Strategy — Safety, Quality, and Verification",intermediate,8,Beyond wired/wireless intercom equipment | laptop-based communication tools | diagramming tools | equipment inventory | site plans | planning sheets,"Complete a supervised applied lab for power redundancy and spare strategy, record expected versus observed results, diagnose one controlled fault, and restore the approved state.","Baseline evidence, completed practical artifact, independent verification, safety/restoration record, and short professional report."
99,DAY_099,10,System Design and Coverage Planning,Integration and documentation,"System Design and Coverage Planning — Integration, Documentation, and Handover",intermediate,8,Beyond wired/wireless intercom equipment | laptop-based communication tools | diagramming tools | equipment inventory | site plans | planning sheets,"Integrate the four system design and coverage planning skill areas into one reproducible workflow, diagram, checklist, evidence pack, and handover note.","Baseline evidence, completed practical artifact, independent verification, safety/restoration record, and short professional report."
100,DAY_100,10,System Design and Coverage Planning,Assessment and presentation,System Design and Coverage Planning — Assessment Project,intermediate,8,Beyond wired/wireless intercom equipment | laptop-based communication tools | diagramming tools | equipment inventory | site plans | planning sheets,"Plan, execute, verify, present, and safely close an assessment project covering the complete system design and coverage planning phase.","Assessment demonstration, reproducible project/equipment package, verification and restoration evidence, safety review, and professional report."
101,DAY_101,11,Deployment and Commissioning,Orientation and setup,Rack And Station Preparation — Foundations and Vocabulary,intermediate,8,Beyond wired/wireless intercom equipment | laptop-based communication tools | Beyond intercom systems | test equipment | PPE | checklists,"Explain and demonstrate rack and station preparation through an authorized baseline, measurable check, documented failure mode, and independent verification.","Baseline evidence, completed practical artifact, independent verification, safety/restoration record, and short professional report."
102,DAY_102,11,Deployment and Commissioning,Concept development,Rack And Station Preparation — Applied Baseline Lab,intermediate,8,Beyond wired/wireless intercom equipment | laptop-based communication tools | Beyond intercom systems | test equipment | PPE | checklists,"Complete a supervised applied lab for rack and station preparation, record expected versus observed results, diagnose one controlled fault, and restore the approved state.","Baseline evidence, completed practical artifact, independent verification, safety/restoration record, and short professional report."
103,DAY_103,11,Deployment and Commissioning,Guided laboratory,Cabling Labeling And Power-Up Sequence — Architecture and Components,intermediate,8,Beyond wired/wireless intercom equipment | laptop-based communication tools | Beyond intercom systems | test equipment | PPE | checklists,"Explain and demonstrate cabling labeling and power-up sequence through an authorized baseline, measurable check, documented failure mode, and independent verification.","Baseline evidence, completed practical artifact, independent verification, safety/restoration record, and short professional report."
104,DAY_104,11,Deployment and Commissioning,Guided laboratory,Cabling Labeling And Power-Up Sequence — Configuration Lab,intermediate,8,Beyond wired/wireless intercom equipment | laptop-based communication tools | Beyond intercom systems | test equipment | PPE | checklists,"Complete a supervised applied lab for cabling labeling and power-up sequence, record expected versus observed results, diagnose one controlled fault, and restore the approved state.","Baseline evidence, completed practical artifact, independent verification, safety/restoration record, and short professional report."
105,DAY_105,11,Deployment and Commissioning,Applied practice,Configuration Loading And Line Checks — Design and Technique,intermediate,8,Beyond wired/wireless intercom equipment | laptop-based communication tools | Beyond intercom systems | test equipment | PPE | checklists,"Explain and demonstrate configuration loading and line checks through an authorized baseline, measurable check, documented failure mode, and independent verification.","Baseline evidence, completed practical artifact, independent verification, safety/restoration record, and short professional report."
106,DAY_106,11,Deployment and Commissioning,Operations and measurement,Configuration Loading And Line Checks — Operations and Measurement,intermediate,8,Beyond wired/wireless intercom equipment | laptop-based communication tools | Beyond intercom systems | test equipment | PPE | checklists,"Complete a supervised applied lab for configuration loading and line checks, record expected versus observed results, diagnose one controlled fault, and restore the approved state.","Baseline evidence, completed practical artifact, independent verification, safety/restoration record, and short professional report."
107,DAY_107,11,Deployment and Commissioning,Troubleshooting laboratory,Acceptance Testing And Handover — Troubleshooting and Failure Modes,intermediate,8,Beyond wired/wireless intercom equipment | laptop-based communication tools | Beyond intercom systems | test equipment | PPE | checklists,"Explain and demonstrate acceptance testing and handover through an authorized baseline, measurable check, documented failure mode, and independent verification.","Baseline evidence, completed practical artifact, independent verification, safety/restoration record, and short professional report."
108,DAY_108,11,Deployment and Commissioning,Safety and quality review,"Acceptance Testing And Handover — Safety, Quality, and Verification",intermediate,8,Beyond wired/wireless intercom equipment | laptop-based communication tools | Beyond intercom systems | test equipment | PPE | checklists,"Complete a supervised applied lab for acceptance testing and handover, record expected versus observed results, diagnose one controlled fault, and restore the approved state.","Baseline evidence, completed practical artifact, independent verification, safety/restoration record, and short professional report."
109,DAY_109,11,Deployment and Commissioning,Integration and documentation,"Deployment and Commissioning — Integration, Documentation, and Handover",intermediate,8,Beyond wired/wireless intercom equipment | laptop-based communication tools | Beyond intercom systems | test equipment | PPE | checklists,"Integrate the four deployment and commissioning skill areas into one reproducible workflow, diagram, checklist, evidence pack, and handover note.","Baseline evidence, completed practical artifact, independent verification, safety/restoration record, and short professional report."
110,DAY_110,11,Deployment and Commissioning,Assessment and presentation,Deployment and Commissioning — Assessment Project,intermediate,8,Beyond wired/wireless intercom equipment | laptop-based communication tools | Beyond intercom systems | test equipment | PPE | checklists,"Plan, execute, verify, present, and safely close an assessment project covering the complete deployment and commissioning phase.","Assessment demonstration, reproducible project/equipment package, verification and restoration evidence, safety review, and professional report."
111,DAY_111,12,RF Coordination and Wireless Reliability,Orientation and setup,Legal Frequency Planning Concepts — Foundations and Vocabulary,intermediate,8,Beyond wired/wireless intercom equipment | laptop-based communication tools | approved RF tools | wireless intercom | site map | PPE,"Explain and demonstrate legal frequency planning concepts through an authorized baseline, measurable check, documented failure mode, and independent verification.","Baseline evidence, completed practical artifact, independent verification, safety/restoration record, and short professional report."
112,DAY_112,12,RF Coordination and Wireless Reliability,Concept development,Legal Frequency Planning Concepts — Applied Baseline Lab,intermediate,8,Beyond wired/wireless intercom equipment | laptop-based communication tools | approved RF tools | wireless intercom | site map | PPE,"Complete a supervised applied lab for legal frequency planning concepts, record expected versus observed results, diagnose one controlled fault, and restore the approved state.","Baseline evidence, completed practical artifact, independent verification, safety/restoration record, and short professional report."
113,DAY_113,12,RF Coordination and Wireless Reliability,Guided laboratory,Scan Coordination And Interference Review — Architecture and Components,intermediate,8,Beyond wired/wireless intercom equipment | laptop-based communication tools | approved RF tools | wireless intercom | site map | PPE,"Explain and demonstrate scan coordination and interference review through an authorized baseline, measurable check, documented failure mode, and independent verification.","Baseline evidence, completed practical artifact, independent verification, safety/restoration record, and short professional report."
114,DAY_114,12,RF Coordination and Wireless Reliability,Guided laboratory,Scan Coordination And Interference Review — Configuration Lab,intermediate,8,Beyond wired/wireless intercom equipment | laptop-based communication tools | approved RF tools | wireless intercom | site map | PPE,"Complete a supervised applied lab for scan coordination and interference review, record expected versus observed results, diagnose one controlled fault, and restore the approved state.","Baseline evidence, completed practical artifact, independent verification, safety/restoration record, and short professional report."
115,DAY_115,12,RF Coordination and Wireless Reliability,Applied practice,Antenna Placement Cabling And Diversity — Design and Technique,intermediate,8,Beyond wired/wireless intercom equipment | laptop-based communication tools | approved RF tools | wireless intercom | site map | PPE,"Explain and demonstrate antenna placement cabling and diversity through an authorized baseline, measurable check, documented failure mode, and independent verification.","Baseline evidence, completed practical artifact, independent verification, safety/restoration record, and short professional report."
116,DAY_116,12,RF Coordination and Wireless Reliability,Operations and measurement,Antenna Placement Cabling And Diversity — Operations and Measurement,intermediate,8,Beyond wired/wireless intercom equipment | laptop-based communication tools | approved RF tools | wireless intercom | site map | PPE,"Complete a supervised applied lab for antenna placement cabling and diversity, record expected versus observed results, diagnose one controlled fault, and restore the approved state.","Baseline evidence, completed practical artifact, independent verification, safety/restoration record, and short professional report."
117,DAY_117,12,RF Coordination and Wireless Reliability,Troubleshooting laboratory,Walk Testing Coverage And Contingency — Troubleshooting and Failure Modes,intermediate,8,Beyond wired/wireless intercom equipment | laptop-based communication tools | approved RF tools | wireless intercom | site map | PPE,"Explain and demonstrate walk testing coverage and contingency through an authorized baseline, measurable check, documented failure mode, and independent verification.","Baseline evidence, completed practical artifact, independent verification, safety/restoration record, and short professional report."
118,DAY_118,12,RF Coordination and Wireless Reliability,Safety and quality review,"Walk Testing Coverage And Contingency — Safety, Quality, and Verification",intermediate,8,Beyond wired/wireless intercom equipment | laptop-based communication tools | approved RF tools | wireless intercom | site map | PPE,"Complete a supervised applied lab for walk testing coverage and contingency, record expected versus observed results, diagnose one controlled fault, and restore the approved state.","Baseline evidence, completed practical artifact, independent verification, safety/restoration record, and short professional report."
119,DAY_119,12,RF Coordination and Wireless Reliability,Integration and documentation,"RF Coordination and Wireless Reliability — Integration, Documentation, and Handover",intermediate,8,Beyond wired/wireless intercom equipment | laptop-based communication tools | approved RF tools | wireless intercom | site map | PPE,"Integrate the four rf coordination and wireless reliability skill areas into one reproducible workflow, diagram, checklist, evidence pack, and handover note.","Baseline evidence, completed practical artifact, independent verification, safety/restoration record, and short professional report."
120,DAY_120,12,RF Coordination and Wireless Reliability,Assessment and presentation,RF Coordination and Wireless Reliability — Assessment Project,intermediate,8,Beyond wired/wireless intercom equipment | laptop-based communication tools | approved RF tools | wireless intercom | site map | PPE,"Plan, execute, verify, present, and safely close an assessment project covering the complete rf coordination and wireless reliability phase.","Assessment demonstration, reproducible project/equipment package, verification and restoration evidence, safety review, and professional report."
121,DAY_121,13,Troubleshooting and Fault Isolation,Orientation and setup,No Audio And One-Way Audio — Foundations and Vocabulary,intermediate,8,Beyond wired/wireless intercom equipment | laptop-based communication tools | intercom lab | cable tester | approved meter | logs,"Explain and demonstrate no audio and one-way audio through an authorized baseline, measurable check, documented failure mode, and independent verification.","Baseline evidence, completed practical artifact, independent verification, safety/restoration record, and short professional report."
122,DAY_122,13,Troubleshooting and Fault Isolation,Concept development,No Audio And One-Way Audio — Applied Baseline Lab,intermediate,8,Beyond wired/wireless intercom equipment | laptop-based communication tools | intercom lab | cable tester | approved meter | logs,"Complete a supervised applied lab for no audio and one-way audio, record expected versus observed results, diagnose one controlled fault, and restore the approved state.","Baseline evidence, completed practical artifact, independent verification, safety/restoration record, and short professional report."
123,DAY_123,13,Troubleshooting and Fault Isolation,Guided laboratory,Noise Hum Distortion And Echo — Architecture and Components,intermediate,8,Beyond wired/wireless intercom equipment | laptop-based communication tools | intercom lab | cable tester | approved meter | logs,"Explain and demonstrate noise hum distortion and echo through an authorized baseline, measurable check, documented failure mode, and independent verification.","Baseline evidence, completed practical artifact, independent verification, safety/restoration record, and short professional report."
124,DAY_124,13,Troubleshooting and Fault Isolation,Guided laboratory,Noise Hum Distortion And Echo — Configuration Lab,intermediate,8,Beyond wired/wireless intercom equipment | laptop-based communication tools | intercom lab | cable tester | approved meter | logs,"Complete a supervised applied lab for noise hum distortion and echo, record expected versus observed results, diagnose one controlled fault, and restore the approved state.","Baseline evidence, completed practical artifact, independent verification, safety/restoration record, and short professional report."
125,DAY_125,13,Troubleshooting and Fault Isolation,Applied practice,Dropouts Range And Rf Interference — Design and Technique,intermediate,8,Beyond wired/wireless intercom equipment | laptop-based communication tools | intercom lab | cable tester | approved meter | logs,"Explain and demonstrate dropouts range and RF interference through an authorized baseline, measurable check, documented failure mode, and independent verification.","Baseline evidence, completed practical artifact, independent verification, safety/restoration record, and short professional report."
126,DAY_126,13,Troubleshooting and Fault Isolation,Operations and measurement,Dropouts Range And Rf Interference — Operations and Measurement,intermediate,8,Beyond wired/wireless intercom equipment | laptop-based communication tools | intercom lab | cable tester | approved meter | logs,"Complete a supervised applied lab for dropouts range and RF interference, record expected versus observed results, diagnose one controlled fault, and restore the approved state.","Baseline evidence, completed practical artifact, independent verification, safety/restoration record, and short professional report."
127,DAY_127,13,Troubleshooting and Fault Isolation,Troubleshooting laboratory,Configuration Network And Power Faults — Troubleshooting and Failure Modes,intermediate,8,Beyond wired/wireless intercom equipment | laptop-based communication tools | intercom lab | cable tester | approved meter | logs,"Explain and demonstrate configuration network and power faults through an authorized baseline, measurable check, documented failure mode, and independent verification.","Baseline evidence, completed practical artifact, independent verification, safety/restoration record, and short professional report."
128,DAY_128,13,Troubleshooting and Fault Isolation,Safety and quality review,"Configuration Network And Power Faults — Safety, Quality, and Verification",intermediate,8,Beyond wired/wireless intercom equipment | laptop-based communication tools | intercom lab | cable tester | approved meter | logs,"Complete a supervised applied lab for configuration network and power faults, record expected versus observed results, diagnose one controlled fault, and restore the approved state.","Baseline evidence, completed practical artifact, independent verification, safety/restoration record, and short professional report."
129,DAY_129,13,Troubleshooting and Fault Isolation,Integration and documentation,"Troubleshooting and Fault Isolation — Integration, Documentation, and Handover",intermediate,8,Beyond wired/wireless intercom equipment | laptop-based communication tools | intercom lab | cable tester | approved meter | logs,"Integrate the four troubleshooting and fault isolation skill areas into one reproducible workflow, diagram, checklist, evidence pack, and handover note.","Baseline evidence, completed practical artifact, independent verification, safety/restoration record, and short professional report."
130,DAY_130,13,Troubleshooting and Fault Isolation,Assessment and presentation,Troubleshooting and Fault Isolation — Assessment Project,intermediate,8,Beyond wired/wireless intercom equipment | laptop-based communication tools | intercom lab | cable tester | approved meter | logs,"Plan, execute, verify, present, and safely close an assessment project covering the complete troubleshooting and fault isolation phase.","Assessment demonstration, reproducible project/equipment package, verification and restoration evidence, safety review, and professional report."
131,DAY_131,14,Redundancy and Mission-Critical Operations,Orientation and setup,Dual Power And Backup Communication — Foundations and Vocabulary,intermediate-to-advanced,8,Beyond wired/wireless intercom equipment | laptop-based communication tools | redundant lab system | spares | runbooks | timers,"Explain and demonstrate dual power and backup communication through an authorized baseline, measurable check, documented failure mode, and independent verification.","Baseline evidence, completed practical artifact, independent verification, safety/restoration record, and short professional report."
132,DAY_132,14,Redundancy and Mission-Critical Operations,Concept development,Dual Power And Backup Communication — Applied Baseline Lab,intermediate-to-advanced,8,Beyond wired/wireless intercom equipment | laptop-based communication tools | redundant lab system | spares | runbooks | timers,"Complete a supervised applied lab for dual power and backup communication, record expected versus observed results, diagnose one controlled fault, and restore the approved state.","Baseline evidence, completed practical artifact, independent verification, safety/restoration record, and short professional report."
133,DAY_133,14,Redundancy and Mission-Critical Operations,Guided laboratory,Network And Matrix Redundancy — Architecture and Components,intermediate-to-advanced,8,Beyond wired/wireless intercom equipment | laptop-based communication tools | redundant lab system | spares | runbooks | timers,"Explain and demonstrate network and matrix redundancy through an authorized baseline, measurable check, documented failure mode, and independent verification.","Baseline evidence, completed practical artifact, independent verification, safety/restoration record, and short professional report."
134,DAY_134,14,Redundancy and Mission-Critical Operations,Guided laboratory,Network And Matrix Redundancy — Configuration Lab,intermediate-to-advanced,8,Beyond wired/wireless intercom equipment | laptop-based communication tools | redundant lab system | spares | runbooks | timers,"Complete a supervised applied lab for network and matrix redundancy, record expected versus observed results, diagnose one controlled fault, and restore the approved state.","Baseline evidence, completed practical artifact, independent verification, safety/restoration record, and short professional report."
135,DAY_135,14,Redundancy and Mission-Critical Operations,Applied practice,Spares Batteries And Rapid Replacement — Design and Technique,intermediate-to-advanced,8,Beyond wired/wireless intercom equipment | laptop-based communication tools | redundant lab system | spares | runbooks | timers,"Explain and demonstrate spares batteries and rapid replacement through an authorized baseline, measurable check, documented failure mode, and independent verification.","Baseline evidence, completed practical artifact, independent verification, safety/restoration record, and short professional report."
136,DAY_136,14,Redundancy and Mission-Critical Operations,Operations and measurement,Spares Batteries And Rapid Replacement — Operations and Measurement,intermediate-to-advanced,8,Beyond wired/wireless intercom equipment | laptop-based communication tools | redundant lab system | spares | runbooks | timers,"Complete a supervised applied lab for spares batteries and rapid replacement, record expected versus observed results, diagnose one controlled fault, and restore the approved state.","Baseline evidence, completed practical artifact, independent verification, safety/restoration record, and short professional report."
137,DAY_137,14,Redundancy and Mission-Critical Operations,Troubleshooting laboratory,Failure Drills Escalation And Recovery — Troubleshooting and Failure Modes,intermediate-to-advanced,8,Beyond wired/wireless intercom equipment | laptop-based communication tools | redundant lab system | spares | runbooks | timers,"Explain and demonstrate failure drills escalation and recovery through an authorized baseline, measurable check, documented failure mode, and independent verification.","Baseline evidence, completed practical artifact, independent verification, safety/restoration record, and short professional report."
138,DAY_138,14,Redundancy and Mission-Critical Operations,Safety and quality review,"Failure Drills Escalation And Recovery — Safety, Quality, and Verification",intermediate-to-advanced,8,Beyond wired/wireless intercom equipment | laptop-based communication tools | redundant lab system | spares | runbooks | timers,"Complete a supervised applied lab for failure drills escalation and recovery, record expected versus observed results, diagnose one controlled fault, and restore the approved state.","Baseline evidence, completed practical artifact, independent verification, safety/restoration record, and short professional report."
139,DAY_139,14,Redundancy and Mission-Critical Operations,Integration and documentation,"Redundancy and Mission-Critical Operations — Integration, Documentation, and Handover",intermediate-to-advanced,8,Beyond wired/wireless intercom equipment | laptop-based communication tools | redundant lab system | spares | runbooks | timers,"Integrate the four redundancy and mission-critical operations skill areas into one reproducible workflow, diagram, checklist, evidence pack, and handover note.","Baseline evidence, completed practical artifact, independent verification, safety/restoration record, and short professional report."
140,DAY_140,14,Redundancy and Mission-Critical Operations,Assessment and presentation,Redundancy and Mission-Critical Operations — Assessment Project,intermediate-to-advanced,8,Beyond wired/wireless intercom equipment | laptop-based communication tools | redundant lab system | spares | runbooks | timers,"Plan, execute, verify, present, and safely close an assessment project covering the complete redundancy and mission-critical operations phase.","Assessment demonstration, reproducible project/equipment package, verification and restoration evidence, safety review, and professional report."
141,DAY_141,15,"Recording, Logging, and Compliance",Orientation and setup,Communications Recording Boundaries — Foundations and Vocabulary,intermediate-to-advanced,8,Beyond wired/wireless intercom equipment | laptop-based communication tools | logging tools | documentation | secure storage | time reference,"Explain and demonstrate communications recording boundaries through an authorized baseline, measurable check, documented failure mode, and independent verification.","Baseline evidence, completed practical artifact, independent verification, safety/restoration record, and short professional report."
142,DAY_142,15,"Recording, Logging, and Compliance",Concept development,Communications Recording Boundaries — Applied Baseline Lab,intermediate-to-advanced,8,Beyond wired/wireless intercom equipment | laptop-based communication tools | logging tools | documentation | secure storage | time reference,"Complete a supervised applied lab for communications recording boundaries, record expected versus observed results, diagnose one controlled fault, and restore the approved state.","Baseline evidence, completed practical artifact, independent verification, safety/restoration record, and short professional report."
143,DAY_143,15,"Recording, Logging, and Compliance",Guided laboratory,Event Logs Timestamps And Incident Notes — Architecture and Components,intermediate-to-advanced,8,Beyond wired/wireless intercom equipment | laptop-based communication tools | logging tools | documentation | secure storage | time reference,"Explain and demonstrate event logs timestamps and incident notes through an authorized baseline, measurable check, documented failure mode, and independent verification.","Baseline evidence, completed practical artifact, independent verification, safety/restoration record, and short professional report."
144,DAY_144,15,"Recording, Logging, and Compliance",Guided laboratory,Event Logs Timestamps And Incident Notes — Configuration Lab,intermediate-to-advanced,8,Beyond wired/wireless intercom equipment | laptop-based communication tools | logging tools | documentation | secure storage | time reference,"Complete a supervised applied lab for event logs timestamps and incident notes, record expected versus observed results, diagnose one controlled fault, and restore the approved state.","Baseline evidence, completed practical artifact, independent verification, safety/restoration record, and short professional report."
145,DAY_145,15,"Recording, Logging, and Compliance",Applied practice,Privacy Confidentiality And Retention — Design and Technique,intermediate-to-advanced,8,Beyond wired/wireless intercom equipment | laptop-based communication tools | logging tools | documentation | secure storage | time reference,"Explain and demonstrate privacy confidentiality and retention through an authorized baseline, measurable check, documented failure mode, and independent verification.","Baseline evidence, completed practical artifact, independent verification, safety/restoration record, and short professional report."
146,DAY_146,15,"Recording, Logging, and Compliance",Operations and measurement,Privacy Confidentiality And Retention — Operations and Measurement,intermediate-to-advanced,8,Beyond wired/wireless intercom equipment | laptop-based communication tools | logging tools | documentation | secure storage | time reference,"Complete a supervised applied lab for privacy confidentiality and retention, record expected versus observed results, diagnose one controlled fault, and restore the approved state.","Baseline evidence, completed practical artifact, independent verification, safety/restoration record, and short professional report."
147,DAY_147,15,"Recording, Logging, and Compliance",Troubleshooting laboratory,Evidence Export And Secure Handover — Troubleshooting and Failure Modes,intermediate-to-advanced,8,Beyond wired/wireless intercom equipment | laptop-based communication tools | logging tools | documentation | secure storage | time reference,"Explain and demonstrate evidence export and secure handover through an authorized baseline, measurable check, documented failure mode, and independent verification.","Baseline evidence, completed practical artifact, independent verification, safety/restoration record, and short professional report."
148,DAY_148,15,"Recording, Logging, and Compliance",Safety and quality review,"Evidence Export And Secure Handover — Safety, Quality, and Verification",intermediate-to-advanced,8,Beyond wired/wireless intercom equipment | laptop-based communication tools | logging tools | documentation | secure storage | time reference,"Complete a supervised applied lab for evidence export and secure handover, record expected versus observed results, diagnose one controlled fault, and restore the approved state.","Baseline evidence, completed practical artifact, independent verification, safety/restoration record, and short professional report."
149,DAY_149,15,"Recording, Logging, and Compliance",Integration and documentation,"Recording, Logging, and Compliance — Integration, Documentation, and Handover",intermediate-to-advanced,8,Beyond wired/wireless intercom equipment | laptop-based communication tools | logging tools | documentation | secure storage | time reference,"Integrate the four recording, logging, and compliance skill areas into one reproducible workflow, diagram, checklist, evidence pack, and handover note.","Baseline evidence, completed practical artifact, independent verification, safety/restoration record, and short professional report."
150,DAY_150,15,"Recording, Logging, and Compliance",Assessment and presentation,"Recording, Logging, and Compliance — Assessment Project",intermediate-to-advanced,8,Beyond wired/wireless intercom equipment | laptop-based communication tools | logging tools | documentation | secure storage | time reference,"Plan, execute, verify, present, and safely close an assessment project covering the complete recording, logging, and compliance phase.","Assessment demonstration, reproducible project/equipment package, verification and restoration evidence, safety review, and professional report."
151,DAY_151,16,"Maintenance, Firmware, and Asset Management",Orientation and setup,Inspection Cleaning And Connector Care — Foundations and Vocabulary,intermediate-to-advanced,8,Beyond wired/wireless intercom equipment | laptop-based communication tools | maintenance kit | vendor software | asset register | PPE,"Explain and demonstrate inspection cleaning and connector care through an authorized baseline, measurable check, documented failure mode, and independent verification.","Baseline evidence, completed practical artifact, independent verification, safety/restoration record, and short professional report."
152,DAY_152,16,"Maintenance, Firmware, and Asset Management",Concept development,Inspection Cleaning And Connector Care — Applied Baseline Lab,intermediate-to-advanced,8,Beyond wired/wireless intercom equipment | laptop-based communication tools | maintenance kit | vendor software | asset register | PPE,"Complete a supervised applied lab for inspection cleaning and connector care, record expected versus observed results, diagnose one controlled fault, and restore the approved state.","Baseline evidence, completed practical artifact, independent verification, safety/restoration record, and short professional report."
153,DAY_153,16,"Maintenance, Firmware, and Asset Management",Guided laboratory,Battery Health And Lifecycle — Architecture and Components,intermediate-to-advanced,8,Beyond wired/wireless intercom equipment | laptop-based communication tools | maintenance kit | vendor software | asset register | PPE,"Explain and demonstrate battery health and lifecycle through an authorized baseline, measurable check, documented failure mode, and independent verification.","Baseline evidence, completed practical artifact, independent verification, safety/restoration record, and short professional report."
154,DAY_154,16,"Maintenance, Firmware, and Asset Management",Guided laboratory,Battery Health And Lifecycle — Configuration Lab,intermediate-to-advanced,8,Beyond wired/wireless intercom equipment | laptop-based communication tools | maintenance kit | vendor software | asset register | PPE,"Complete a supervised applied lab for battery health and lifecycle, record expected versus observed results, diagnose one controlled fault, and restore the approved state.","Baseline evidence, completed practical artifact, independent verification, safety/restoration record, and short professional report."
155,DAY_155,16,"Maintenance, Firmware, and Asset Management",Applied practice,Firmware Compatibility And Rollback — Design and Technique,intermediate-to-advanced,8,Beyond wired/wireless intercom equipment | laptop-based communication tools | maintenance kit | vendor software | asset register | PPE,"Explain and demonstrate firmware compatibility and rollback through an authorized baseline, measurable check, documented failure mode, and independent verification.","Baseline evidence, completed practical artifact, independent verification, safety/restoration record, and short professional report."
156,DAY_156,16,"Maintenance, Firmware, and Asset Management",Operations and measurement,Firmware Compatibility And Rollback — Operations and Measurement,intermediate-to-advanced,8,Beyond wired/wireless intercom equipment | laptop-based communication tools | maintenance kit | vendor software | asset register | PPE,"Complete a supervised applied lab for firmware compatibility and rollback, record expected versus observed results, diagnose one controlled fault, and restore the approved state.","Baseline evidence, completed practical artifact, independent verification, safety/restoration record, and short professional report."
157,DAY_157,16,"Maintenance, Firmware, and Asset Management",Troubleshooting laboratory,Inventory Calibration And Maintenance Records — Troubleshooting and Failure Modes,intermediate-to-advanced,8,Beyond wired/wireless intercom equipment | laptop-based communication tools | maintenance kit | vendor software | asset register | PPE,"Explain and demonstrate inventory calibration and maintenance records through an authorized baseline, measurable check, documented failure mode, and independent verification.","Baseline evidence, completed practical artifact, independent verification, safety/restoration record, and short professional report."
158,DAY_158,16,"Maintenance, Firmware, and Asset Management",Safety and quality review,"Inventory Calibration And Maintenance Records — Safety, Quality, and Verification",intermediate-to-advanced,8,Beyond wired/wireless intercom equipment | laptop-based communication tools | maintenance kit | vendor software | asset register | PPE,"Complete a supervised applied lab for inventory calibration and maintenance records, record expected versus observed results, diagnose one controlled fault, and restore the approved state.","Baseline evidence, completed practical artifact, independent verification, safety/restoration record, and short professional report."
159,DAY_159,16,"Maintenance, Firmware, and Asset Management",Integration and documentation,"Maintenance, Firmware, and Asset Management — Integration, Documentation, and Handover",intermediate-to-advanced,8,Beyond wired/wireless intercom equipment | laptop-based communication tools | maintenance kit | vendor software | asset register | PPE,"Integrate the four maintenance, firmware, and asset management skill areas into one reproducible workflow, diagram, checklist, evidence pack, and handover note.","Baseline evidence, completed practical artifact, independent verification, safety/restoration record, and short professional report."
160,DAY_160,16,"Maintenance, Firmware, and Asset Management",Assessment and presentation,"Maintenance, Firmware, and Asset Management — Assessment Project",intermediate-to-advanced,8,Beyond wired/wireless intercom equipment | laptop-based communication tools | maintenance kit | vendor software | asset register | PPE,"Plan, execute, verify, present, and safely close an assessment project covering the complete maintenance, firmware, and asset management phase.","Assessment demonstration, reproducible project/equipment package, verification and restoration evidence, safety review, and professional report."
161,DAY_161,17,Large Events and Multi-Team Integration,Orientation and setup,Festival And Conference Channel Plans — Foundations and Vocabulary,intermediate-to-advanced,8,Beyond wired/wireless intercom equipment | laptop-based communication tools | full intercom inventory | site plans | production documents | PPE,"Explain and demonstrate festival and conference channel plans through an authorized baseline, measurable check, documented failure mode, and independent verification.","Baseline evidence, completed practical artifact, independent verification, safety/restoration record, and short professional report."
162,DAY_162,17,Large Events and Multi-Team Integration,Concept development,Festival And Conference Channel Plans — Applied Baseline Lab,intermediate-to-advanced,8,Beyond wired/wireless intercom equipment | laptop-based communication tools | full intercom inventory | site plans | production documents | PPE,"Complete a supervised applied lab for festival and conference channel plans, record expected versus observed results, diagnose one controlled fault, and restore the approved state.","Baseline evidence, completed practical artifact, independent verification, safety/restoration record, and short professional report."
163,DAY_163,17,Large Events and Multi-Team Integration,Guided laboratory,Broadcast Theatre And Worship Workflows — Architecture and Components,intermediate-to-advanced,8,Beyond wired/wireless intercom equipment | laptop-based communication tools | full intercom inventory | site plans | production documents | PPE,"Explain and demonstrate broadcast theatre and worship workflows through an authorized baseline, measurable check, documented failure mode, and independent verification.","Baseline evidence, completed practical artifact, independent verification, safety/restoration record, and short professional report."
164,DAY_164,17,Large Events and Multi-Team Integration,Guided laboratory,Broadcast Theatre And Worship Workflows — Configuration Lab,intermediate-to-advanced,8,Beyond wired/wireless intercom equipment | laptop-based communication tools | full intercom inventory | site plans | production documents | PPE,"Complete a supervised applied lab for broadcast theatre and worship workflows, record expected versus observed results, diagnose one controlled fault, and restore the approved state.","Baseline evidence, completed practical artifact, independent verification, safety/restoration record, and short professional report."
165,DAY_165,17,Large Events and Multi-Team Integration,Applied practice,Temporary Infrastructure And Public Areas — Design and Technique,intermediate-to-advanced,8,Beyond wired/wireless intercom equipment | laptop-based communication tools | full intercom inventory | site plans | production documents | PPE,"Explain and demonstrate temporary infrastructure and public areas through an authorized baseline, measurable check, documented failure mode, and independent verification.","Baseline evidence, completed practical artifact, independent verification, safety/restoration record, and short professional report."
166,DAY_166,17,Large Events and Multi-Team Integration,Operations and measurement,Temporary Infrastructure And Public Areas — Operations and Measurement,intermediate-to-advanced,8,Beyond wired/wireless intercom equipment | laptop-based communication tools | full intercom inventory | site plans | production documents | PPE,"Complete a supervised applied lab for temporary infrastructure and public areas, record expected versus observed results, diagnose one controlled fault, and restore the approved state.","Baseline evidence, completed practical artifact, independent verification, safety/restoration record, and short professional report."
167,DAY_167,17,Large Events and Multi-Team Integration,Troubleshooting laboratory,Coordination Rehearsals And Change Control — Troubleshooting and Failure Modes,intermediate-to-advanced,8,Beyond wired/wireless intercom equipment | laptop-based communication tools | full intercom inventory | site plans | production documents | PPE,"Explain and demonstrate coordination rehearsals and change control through an authorized baseline, measurable check, documented failure mode, and independent verification.","Baseline evidence, completed practical artifact, independent verification, safety/restoration record, and short professional report."
168,DAY_168,17,Large Events and Multi-Team Integration,Safety and quality review,"Coordination Rehearsals And Change Control — Safety, Quality, and Verification",intermediate-to-advanced,8,Beyond wired/wireless intercom equipment | laptop-based communication tools | full intercom inventory | site plans | production documents | PPE,"Complete a supervised applied lab for coordination rehearsals and change control, record expected versus observed results, diagnose one controlled fault, and restore the approved state.","Baseline evidence, completed practical artifact, independent verification, safety/restoration record, and short professional report."
169,DAY_169,17,Large Events and Multi-Team Integration,Integration and documentation,"Large Events and Multi-Team Integration — Integration, Documentation, and Handover",intermediate-to-advanced,8,Beyond wired/wireless intercom equipment | laptop-based communication tools | full intercom inventory | site plans | production documents | PPE,"Integrate the four large events and multi-team integration skill areas into one reproducible workflow, diagram, checklist, evidence pack, and handover note.","Baseline evidence, completed practical artifact, independent verification, safety/restoration record, and short professional report."
170,DAY_170,17,Large Events and Multi-Team Integration,Assessment and presentation,Large Events and Multi-Team Integration — Assessment Project,intermediate-to-advanced,8,Beyond wired/wireless intercom equipment | laptop-based communication tools | full intercom inventory | site plans | production documents | PPE,"Plan, execute, verify, present, and safely close an assessment project covering the complete large events and multi-team integration phase.","Assessment demonstration, reproducible project/equipment package, verification and restoration evidence, safety review, and professional report."
171,DAY_171,18,Intercom Capstone and Professional Readiness,Orientation and setup,Capstone Requirements And System Plan — Foundations and Vocabulary,capstone,8,Beyond wired/wireless intercom equipment | laptop-based communication tools | all assigned intercom tools | PPE | documentation | presentation tools,"Explain and demonstrate capstone requirements and system plan through an authorized baseline, measurable check, documented failure mode, and independent verification.","Baseline evidence, completed practical artifact, independent verification, safety/restoration record, and short professional report."
172,DAY_172,18,Intercom Capstone and Professional Readiness,Concept development,Capstone Requirements And System Plan — Applied Baseline Lab,capstone,8,Beyond wired/wireless intercom equipment | laptop-based communication tools | all assigned intercom tools | PPE | documentation | presentation tools,"Complete a supervised applied lab for capstone requirements and system plan, record expected versus observed results, diagnose one controlled fault, and restore the approved state.","Baseline evidence, completed practical artifact, independent verification, safety/restoration record, and short professional report."
173,DAY_173,18,Intercom Capstone and Professional Readiness,Guided laboratory,Deployment Configuration And Verification — Architecture and Components,capstone,8,Beyond wired/wireless intercom equipment | laptop-based communication tools | all assigned intercom tools | PPE | documentation | presentation tools,"Explain and demonstrate deployment configuration and verification through an authorized baseline, measurable check, documented failure mode, and independent verification.","Baseline evidence, completed practical artifact, independent verification, safety/restoration record, and short professional report."
174,DAY_174,18,Intercom Capstone and Professional Readiness,Guided laboratory,Deployment Configuration And Verification — Configuration Lab,capstone,8,Beyond wired/wireless intercom equipment | laptop-based communication tools | all assigned intercom tools | PPE | documentation | presentation tools,"Complete a supervised applied lab for deployment configuration and verification, record expected versus observed results, diagnose one controlled fault, and restore the approved state.","Baseline evidence, completed practical artifact, independent verification, safety/restoration record, and short professional report."
175,DAY_175,18,Intercom Capstone and Professional Readiness,Applied practice,Live Exercise Troubleshooting And Backup — Design and Technique,capstone,8,Beyond wired/wireless intercom equipment | laptop-based communication tools | all assigned intercom tools | PPE | documentation | presentation tools,"Explain and demonstrate live exercise troubleshooting and backup through an authorized baseline, measurable check, documented failure mode, and independent verification.","Baseline evidence, completed practical artifact, independent verification, safety/restoration record, and short professional report."
176,DAY_176,18,Intercom Capstone and Professional Readiness,Operations and measurement,Live Exercise Troubleshooting And Backup — Operations and Measurement,capstone,8,Beyond wired/wireless intercom equipment | laptop-based communication tools | all assigned intercom tools | PPE | documentation | presentation tools,"Complete a supervised applied lab for live exercise troubleshooting and backup, record expected versus observed results, diagnose one controlled fault, and restore the approved state.","Baseline evidence, completed practical artifact, independent verification, safety/restoration record, and short professional report."
177,DAY_177,18,Intercom Capstone and Professional Readiness,Troubleshooting laboratory,Portfolio Defense Handover And Strike — Troubleshooting and Failure Modes,capstone,8,Beyond wired/wireless intercom equipment | laptop-based communication tools | all assigned intercom tools | PPE | documentation | presentation tools,"Explain and demonstrate portfolio defense handover and strike through an authorized baseline, measurable check, documented failure mode, and independent verification.","Baseline evidence, completed practical artifact, independent verification, safety/restoration record, and short professional report."
178,DAY_178,18,Intercom Capstone and Professional Readiness,Safety and quality review,"Portfolio Defense Handover And Strike — Safety, Quality, and Verification",capstone,8,Beyond wired/wireless intercom equipment | laptop-based communication tools | all assigned intercom tools | PPE | documentation | presentation tools,"Complete a supervised applied lab for portfolio defense handover and strike, record expected versus observed results, diagnose one controlled fault, and restore the approved state.","Baseline evidence, completed practical artifact, independent verification, safety/restoration record, and short professional report."
179,DAY_179,18,Intercom Capstone and Professional Readiness,Integration and documentation,"Intercom Capstone and Professional Readiness — Integration, Documentation, and Handover",capstone,8,Beyond wired/wireless intercom equipment | laptop-based communication tools | all assigned intercom tools | PPE | documentation | presentation tools,"Integrate the four intercom capstone and professional readiness skill areas into one reproducible workflow, diagram, checklist, evidence pack, and handover note.","Baseline evidence, completed practical artifact, independent verification, safety/restoration record, and short professional report."
180,DAY_180,18,Intercom Capstone and Professional Readiness,Assessment and presentation,Intercom Capstone and Professional Readiness — Assessment Project,capstone,8,Beyond wired/wireless intercom equipment | laptop-based communication tools | all assigned intercom tools | PPE | documentation | presentation tools,"Plan, execute, verify, present, and safely close an assessment project covering the complete intercom capstone and professional readiness phase.","Assessment demonstration, reproducible project/equipment package, verification and restoration evidence, safety review, and professional report."
