day,day_code,phase_number,phase,mode,topic,difficulty,estimated_time_hours,tools,objective,required_submission
1,DAY_001,1,"Electrical, Lifting, and Screen Safety",Orientation and setup,"Electrical, Lifting, and Screen Safety",foundation,8,Beyond LED screens | projectors | PPE | approved lifts/stands | distribution tools | checklists,"Complete a supervised electrical, lifting, stand/rigging, cable-trip, power-down, and exclusion-zone readiness check before installing or energizing screens and video equipment.","Baseline evidence, completed practical artifact, independent verification, safety/restoration record, and short professional report."
2,DAY_002,1,"Electrical, Lifting, and Screen Safety",Concept development,Ppe Exclusion Zones And Supervised Lifting — Applied Baseline Lab,foundation,8,Beyond LED screens | projectors | PPE | approved lifts/stands | distribution tools | checklists,"Complete a supervised applied lab for PPE exclusion zones and supervised lifting, record expected versus observed results, diagnose one controlled fault, and restore the approved state.","Baseline evidence, completed practical artifact, independent verification, safety/restoration record, and short professional report."
3,DAY_003,1,"Electrical, Lifting, and Screen Safety",Guided laboratory,Power Load Grounding And Distribution — Architecture and Components,foundation,8,Beyond LED screens | projectors | PPE | approved lifts/stands | distribution tools | checklists,"Explain and demonstrate power load grounding and distribution through an authorized baseline, measurable check, documented failure mode, and independent verification.","Baseline evidence, completed practical artifact, independent verification, safety/restoration record, and short professional report."
4,DAY_004,1,"Electrical, Lifting, and Screen Safety",Guided laboratory,Power Load Grounding And Distribution — Configuration Lab,foundation,8,Beyond LED screens | projectors | PPE | approved lifts/stands | distribution tools | checklists,"Complete a supervised applied lab for power load grounding and distribution, record expected versus observed results, diagnose one controlled fault, and restore the approved state.","Baseline evidence, completed practical artifact, independent verification, safety/restoration record, and short professional report."
5,DAY_005,1,"Electrical, Lifting, and Screen Safety",Applied practice,Stands Frames Rated Hardware And Secondary Safety — Design and Technique,foundation,8,Beyond LED screens | projectors | PPE | approved lifts/stands | distribution tools | checklists,"Explain and demonstrate stands frames rated hardware and secondary safety through an authorized baseline, measurable check, documented failure mode, and independent verification.","Baseline evidence, completed practical artifact, independent verification, safety/restoration record, and short professional report."
6,DAY_006,1,"Electrical, Lifting, and Screen Safety",Operations and measurement,Stands Frames Rated Hardware And Secondary Safety — Operations and Measurement,foundation,8,Beyond LED screens | projectors | PPE | approved lifts/stands | distribution tools | checklists,"Complete a supervised applied lab for stands frames rated hardware and secondary safety, record expected versus observed results, diagnose one controlled fault, and restore the approved state.","Baseline evidence, completed practical artifact, independent verification, safety/restoration record, and short professional report."
7,DAY_007,1,"Electrical, Lifting, and Screen Safety",Troubleshooting laboratory,Cable Ramps Trip Control And Emergency Power-Down — Troubleshooting and Failure Modes,foundation,8,Beyond LED screens | projectors | PPE | approved lifts/stands | distribution tools | checklists,"Explain and demonstrate cable ramps trip control and emergency power-down through an authorized baseline, measurable check, documented failure mode, and independent verification.","Baseline evidence, completed practical artifact, independent verification, safety/restoration record, and short professional report."
8,DAY_008,1,"Electrical, Lifting, and Screen Safety",Safety and quality review,"Cable Ramps Trip Control And Emergency Power-Down — Safety, Quality, and Verification",foundation,8,Beyond LED screens | projectors | PPE | approved lifts/stands | distribution tools | checklists,"Complete a supervised applied lab for cable ramps trip control and emergency power-down, record expected versus observed results, diagnose one controlled fault, and restore the approved state.","Baseline evidence, completed practical artifact, independent verification, safety/restoration record, and short professional report."
9,DAY_009,1,"Electrical, Lifting, and Screen Safety",Integration and documentation,"Electrical, Lifting, and Screen Safety — Integration, Documentation, and Handover",foundation,8,Beyond LED screens | projectors | PPE | approved lifts/stands | distribution tools | checklists,"Integrate the four electrical, lifting, and screen safety skill areas into one reproducible workflow, diagram, checklist, evidence pack, and handover note.","Baseline evidence, completed practical artifact, independent verification, safety/restoration record, and short professional report."
10,DAY_010,1,"Electrical, Lifting, and Screen Safety",Assessment and presentation,"Electrical, Lifting, and Screen Safety — Assessment Project",foundation,8,Beyond LED screens | projectors | PPE | approved lifts/stands | distribution tools | checklists,"Plan, execute, verify, present, and safely close an assessment project covering the complete electrical, lifting, and screen safety phase.","Assessment demonstration, reproducible project/equipment package, verification and restoration evidence, safety review, and professional report."
11,DAY_011,2,Video Fundamentals,Orientation and setup,Resolution Aspect Ratio And Raster — Foundations and Vocabulary,foundation,8,Beyond LED screens | projectors | test media | displays | video software | measurement tools,"Explain and demonstrate resolution aspect ratio and raster through an authorized baseline, measurable check, documented failure mode, and independent verification.","Baseline evidence, completed practical artifact, independent verification, safety/restoration record, and short professional report."
12,DAY_012,2,Video Fundamentals,Concept development,Resolution Aspect Ratio And Raster — Applied Baseline Lab,foundation,8,Beyond LED screens | projectors | test media | displays | video software | measurement tools,"Complete a supervised applied lab for resolution aspect ratio and raster, record expected versus observed results, diagnose one controlled fault, and restore the approved state.","Baseline evidence, completed practical artifact, independent verification, safety/restoration record, and short professional report."
13,DAY_013,2,Video Fundamentals,Guided laboratory,Frame Rate Scan And Motion — Architecture and Components,foundation,8,Beyond LED screens | projectors | test media | displays | video software | measurement tools,"Explain and demonstrate frame rate scan and motion through an authorized baseline, measurable check, documented failure mode, and independent verification.","Baseline evidence, completed practical artifact, independent verification, safety/restoration record, and short professional report."
14,DAY_014,2,Video Fundamentals,Guided laboratory,Frame Rate Scan And Motion — Configuration Lab,foundation,8,Beyond LED screens | projectors | test media | displays | video software | measurement tools,"Complete a supervised applied lab for frame rate scan and motion, record expected versus observed results, diagnose one controlled fault, and restore the approved state.","Baseline evidence, completed practical artifact, independent verification, safety/restoration record, and short professional report."
15,DAY_015,2,Video Fundamentals,Applied practice,Color Spaces Bit Depth And Chroma — Design and Technique,foundation,8,Beyond LED screens | projectors | test media | displays | video software | measurement tools,"Explain and demonstrate color spaces bit depth and chroma through an authorized baseline, measurable check, documented failure mode, and independent verification.","Baseline evidence, completed practical artifact, independent verification, safety/restoration record, and short professional report."
16,DAY_016,2,Video Fundamentals,Operations and measurement,Color Spaces Bit Depth And Chroma — Operations and Measurement,foundation,8,Beyond LED screens | projectors | test media | displays | video software | measurement tools,"Complete a supervised applied lab for color spaces bit depth and chroma, record expected versus observed results, diagnose one controlled fault, and restore the approved state.","Baseline evidence, completed practical artifact, independent verification, safety/restoration record, and short professional report."
17,DAY_017,2,Video Fundamentals,Troubleshooting laboratory,Bandwidth Latency And Image Quality — Troubleshooting and Failure Modes,foundation,8,Beyond LED screens | projectors | test media | displays | video software | measurement tools,"Explain and demonstrate bandwidth latency and image quality through an authorized baseline, measurable check, documented failure mode, and independent verification.","Baseline evidence, completed practical artifact, independent verification, safety/restoration record, and short professional report."
18,DAY_018,2,Video Fundamentals,Safety and quality review,"Bandwidth Latency And Image Quality — Safety, Quality, and Verification",foundation,8,Beyond LED screens | projectors | test media | displays | video software | measurement tools,"Complete a supervised applied lab for bandwidth latency and image quality, record expected versus observed results, diagnose one controlled fault, and restore the approved state.","Baseline evidence, completed practical artifact, independent verification, safety/restoration record, and short professional report."
19,DAY_019,2,Video Fundamentals,Integration and documentation,"Video Fundamentals — Integration, Documentation, and Handover",foundation,8,Beyond LED screens | projectors | test media | displays | video software | measurement tools,"Integrate the four video fundamentals skill areas into one reproducible workflow, diagram, checklist, evidence pack, and handover note.","Baseline evidence, completed practical artifact, independent verification, safety/restoration record, and short professional report."
20,DAY_020,2,Video Fundamentals,Assessment and presentation,Video Fundamentals — Assessment Project,foundation,8,Beyond LED screens | projectors | test media | displays | video software | measurement tools,"Plan, execute, verify, present, and safely close an assessment project covering the complete video fundamentals phase.","Assessment demonstration, reproducible project/equipment package, verification and restoration evidence, safety review, and professional report."
21,DAY_021,3,"Connectors, Cables, and Signal Transport",Orientation and setup,Hdmi Displayport Dvi Vga And Usb-C — Foundations and Vocabulary,foundation,8,Beyond LED screens | projectors | video cables | testers | converters | PPE,"Explain and demonstrate HDMI DisplayPort DVI VGA and USB-C through an authorized baseline, measurable check, documented failure mode, and independent verification.","Baseline evidence, completed practical artifact, independent verification, safety/restoration record, and short professional report."
22,DAY_022,3,"Connectors, Cables, and Signal Transport",Concept development,Hdmi Displayport Dvi Vga And Usb-C — Applied Baseline Lab,foundation,8,Beyond LED screens | projectors | video cables | testers | converters | PPE,"Complete a supervised applied lab for HDMI DisplayPort DVI VGA and USB-C, record expected versus observed results, diagnose one controlled fault, and restore the approved state.","Baseline evidence, completed practical artifact, independent verification, safety/restoration record, and short professional report."
23,DAY_023,3,"Connectors, Cables, and Signal Transport",Guided laboratory,Sdi Bnc And Coax Standards — Architecture and Components,foundation,8,Beyond LED screens | projectors | video cables | testers | converters | PPE,"Explain and demonstrate SDI BNC and coax standards through an authorized baseline, measurable check, documented failure mode, and independent verification.","Baseline evidence, completed practical artifact, independent verification, safety/restoration record, and short professional report."
24,DAY_024,3,"Connectors, Cables, and Signal Transport",Guided laboratory,Sdi Bnc And Coax Standards — Configuration Lab,foundation,8,Beyond LED screens | projectors | video cables | testers | converters | PPE,"Complete a supervised applied lab for SDI BNC and coax standards, record expected versus observed results, diagnose one controlled fault, and restore the approved state.","Baseline evidence, completed practical artifact, independent verification, safety/restoration record, and short professional report."
25,DAY_025,3,"Connectors, Cables, and Signal Transport",Applied practice,Fiber Extenders Converters And Distribution — Design and Technique,foundation,8,Beyond LED screens | projectors | video cables | testers | converters | PPE,"Explain and demonstrate fiber extenders converters and distribution through an authorized baseline, measurable check, documented failure mode, and independent verification.","Baseline evidence, completed practical artifact, independent verification, safety/restoration record, and short professional report."
26,DAY_026,3,"Connectors, Cables, and Signal Transport",Operations and measurement,Fiber Extenders Converters And Distribution — Operations and Measurement,foundation,8,Beyond LED screens | projectors | video cables | testers | converters | PPE,"Complete a supervised applied lab for fiber extenders converters and distribution, record expected versus observed results, diagnose one controlled fault, and restore the approved state.","Baseline evidence, completed practical artifact, independent verification, safety/restoration record, and short professional report."
27,DAY_027,3,"Connectors, Cables, and Signal Transport",Troubleshooting laboratory,Cable Length Testing Labeling And Protection — Troubleshooting and Failure Modes,foundation,8,Beyond LED screens | projectors | video cables | testers | converters | PPE,"Explain and demonstrate cable length testing labeling and protection through an authorized baseline, measurable check, documented failure mode, and independent verification.","Baseline evidence, completed practical artifact, independent verification, safety/restoration record, and short professional report."
28,DAY_028,3,"Connectors, Cables, and Signal Transport",Safety and quality review,"Cable Length Testing Labeling And Protection — Safety, Quality, and Verification",foundation,8,Beyond LED screens | projectors | video cables | testers | converters | PPE,"Complete a supervised applied lab for cable length testing labeling and protection, record expected versus observed results, diagnose one controlled fault, and restore the approved state.","Baseline evidence, completed practical artifact, independent verification, safety/restoration record, and short professional report."
29,DAY_029,3,"Connectors, Cables, and Signal Transport",Integration and documentation,"Connectors, Cables, and Signal Transport — Integration, Documentation, and Handover",foundation,8,Beyond LED screens | projectors | video cables | testers | converters | PPE,"Integrate the four connectors, cables, and signal transport skill areas into one reproducible workflow, diagram, checklist, evidence pack, and handover note.","Baseline evidence, completed practical artifact, independent verification, safety/restoration record, and short professional report."
30,DAY_030,3,"Connectors, Cables, and Signal Transport",Assessment and presentation,"Connectors, Cables, and Signal Transport — Assessment Project",foundation,8,Beyond LED screens | projectors | video cables | testers | converters | PPE,"Plan, execute, verify, present, and safely close an assessment project covering the complete connectors, cables, and signal transport phase.","Assessment demonstration, reproducible project/equipment package, verification and restoration evidence, safety review, and professional report."
31,DAY_031,4,LED Screen Components and Assembly,Orientation and setup,Modules Cabinets Panels And Receiving Cards — Foundations and Vocabulary,foundation-to-intermediate,8,Beyond LED screens | projectors | Beyond LED panels | approved frames/rigging | PPE | service tools,"Explain and demonstrate modules cabinets panels and receiving cards through an authorized baseline, measurable check, documented failure mode, and independent verification.","Baseline evidence, completed practical artifact, independent verification, safety/restoration record, and short professional report."
32,DAY_032,4,LED Screen Components and Assembly,Concept development,Modules Cabinets Panels And Receiving Cards — Applied Baseline Lab,foundation-to-intermediate,8,Beyond LED screens | projectors | Beyond LED panels | approved frames/rigging | PPE | service tools,"Complete a supervised applied lab for modules cabinets panels and receiving cards, record expected versus observed results, diagnose one controlled fault, and restore the approved state.","Baseline evidence, completed practical artifact, independent verification, safety/restoration record, and short professional report."
33,DAY_033,4,LED Screen Components and Assembly,Guided laboratory,Mechanical Alignment Locks And Safety — Architecture and Components,foundation-to-intermediate,8,Beyond LED screens | projectors | Beyond LED panels | approved frames/rigging | PPE | service tools,"Explain and demonstrate mechanical alignment locks and safety through an authorized baseline, measurable check, documented failure mode, and independent verification.","Baseline evidence, completed practical artifact, independent verification, safety/restoration record, and short professional report."
34,DAY_034,4,LED Screen Components and Assembly,Guided laboratory,Mechanical Alignment Locks And Safety — Configuration Lab,foundation-to-intermediate,8,Beyond LED screens | projectors | Beyond LED panels | approved frames/rigging | PPE | service tools,"Complete a supervised applied lab for mechanical alignment locks and safety, record expected versus observed results, diagnose one controlled fault, and restore the approved state.","Baseline evidence, completed practical artifact, independent verification, safety/restoration record, and short professional report."
35,DAY_035,4,LED Screen Components and Assembly,Applied practice,Data Power Daisy Chain And Redundancy — Design and Technique,foundation-to-intermediate,8,Beyond LED screens | projectors | Beyond LED panels | approved frames/rigging | PPE | service tools,"Explain and demonstrate data power daisy chain and redundancy through an authorized baseline, measurable check, documented failure mode, and independent verification.","Baseline evidence, completed practical artifact, independent verification, safety/restoration record, and short professional report."
36,DAY_036,4,LED Screen Components and Assembly,Operations and measurement,Data Power Daisy Chain And Redundancy — Operations and Measurement,foundation-to-intermediate,8,Beyond LED screens | projectors | Beyond LED panels | approved frames/rigging | PPE | service tools,"Complete a supervised applied lab for data power daisy chain and redundancy, record expected versus observed results, diagnose one controlled fault, and restore the approved state.","Baseline evidence, completed practical artifact, independent verification, safety/restoration record, and short professional report."
37,DAY_037,4,LED Screen Components and Assembly,Troubleshooting laboratory,Inspection Handling And Supervised Assembly — Troubleshooting and Failure Modes,foundation-to-intermediate,8,Beyond LED screens | projectors | Beyond LED panels | approved frames/rigging | PPE | service tools,"Explain and demonstrate inspection handling and supervised assembly through an authorized baseline, measurable check, documented failure mode, and independent verification.","Baseline evidence, completed practical artifact, independent verification, safety/restoration record, and short professional report."
38,DAY_038,4,LED Screen Components and Assembly,Safety and quality review,"Inspection Handling And Supervised Assembly — Safety, Quality, and Verification",foundation-to-intermediate,8,Beyond LED screens | projectors | Beyond LED panels | approved frames/rigging | PPE | service tools,"Complete a supervised applied lab for inspection handling and supervised assembly, record expected versus observed results, diagnose one controlled fault, and restore the approved state.","Baseline evidence, completed practical artifact, independent verification, safety/restoration record, and short professional report."
39,DAY_039,4,LED Screen Components and Assembly,Integration and documentation,"LED Screen Components and Assembly — Integration, Documentation, and Handover",foundation-to-intermediate,8,Beyond LED screens | projectors | Beyond LED panels | approved frames/rigging | PPE | service tools,"Integrate the four led screen components and assembly skill areas into one reproducible workflow, diagram, checklist, evidence pack, and handover note.","Baseline evidence, completed practical artifact, independent verification, safety/restoration record, and short professional report."
40,DAY_040,4,LED Screen Components and Assembly,Assessment and presentation,LED Screen Components and Assembly — Assessment Project,foundation-to-intermediate,8,Beyond LED screens | projectors | Beyond LED panels | approved frames/rigging | PPE | service tools,"Plan, execute, verify, present, and safely close an assessment project covering the complete led screen components and assembly phase.","Assessment demonstration, reproducible project/equipment package, verification and restoration evidence, safety review, and professional report."
41,DAY_041,5,LED Processing and Configuration,Orientation and setup,Sender Receiver And Processor Concepts — Foundations and Vocabulary,foundation-to-intermediate,8,Beyond LED screens | projectors | LED processor | configuration software | test patterns | PPE,"Explain and demonstrate sender receiver and processor concepts through an authorized baseline, measurable check, documented failure mode, and independent verification.","Baseline evidence, completed practical artifact, independent verification, safety/restoration record, and short professional report."
42,DAY_042,5,LED Processing and Configuration,Concept development,Sender Receiver And Processor Concepts — Applied Baseline Lab,foundation-to-intermediate,8,Beyond LED screens | projectors | LED processor | configuration software | test patterns | PPE,"Complete a supervised applied lab for sender receiver and processor concepts, record expected versus observed results, diagnose one controlled fault, and restore the approved state.","Baseline evidence, completed practical artifact, independent verification, safety/restoration record, and short professional report."
43,DAY_043,5,LED Processing and Configuration,Guided laboratory,Cabinet Mapping And Resolution Setup — Architecture and Components,foundation-to-intermediate,8,Beyond LED screens | projectors | LED processor | configuration software | test patterns | PPE,"Explain and demonstrate cabinet mapping and resolution setup through an authorized baseline, measurable check, documented failure mode, and independent verification.","Baseline evidence, completed practical artifact, independent verification, safety/restoration record, and short professional report."
44,DAY_044,5,LED Processing and Configuration,Guided laboratory,Cabinet Mapping And Resolution Setup — Configuration Lab,foundation-to-intermediate,8,Beyond LED screens | projectors | LED processor | configuration software | test patterns | PPE,"Complete a supervised applied lab for cabinet mapping and resolution setup, record expected versus observed results, diagnose one controlled fault, and restore the approved state.","Baseline evidence, completed practical artifact, independent verification, safety/restoration record, and short professional report."
45,DAY_045,5,LED Processing and Configuration,Applied practice,Brightness Color And Refresh Settings — Design and Technique,foundation-to-intermediate,8,Beyond LED screens | projectors | LED processor | configuration software | test patterns | PPE,"Explain and demonstrate brightness color and refresh settings through an authorized baseline, measurable check, documented failure mode, and independent verification.","Baseline evidence, completed practical artifact, independent verification, safety/restoration record, and short professional report."
46,DAY_046,5,LED Processing and Configuration,Operations and measurement,Brightness Color And Refresh Settings — Operations and Measurement,foundation-to-intermediate,8,Beyond LED screens | projectors | LED processor | configuration software | test patterns | PPE,"Complete a supervised applied lab for brightness color and refresh settings, record expected versus observed results, diagnose one controlled fault, and restore the approved state.","Baseline evidence, completed practical artifact, independent verification, safety/restoration record, and short professional report."
47,DAY_047,5,LED Processing and Configuration,Troubleshooting laboratory,Configuration Backup And Recovery — Troubleshooting and Failure Modes,foundation-to-intermediate,8,Beyond LED screens | projectors | LED processor | configuration software | test patterns | PPE,"Explain and demonstrate configuration backup and recovery through an authorized baseline, measurable check, documented failure mode, and independent verification.","Baseline evidence, completed practical artifact, independent verification, safety/restoration record, and short professional report."
48,DAY_048,5,LED Processing and Configuration,Safety and quality review,"Configuration Backup And Recovery — Safety, Quality, and Verification",foundation-to-intermediate,8,Beyond LED screens | projectors | LED processor | configuration software | test patterns | PPE,"Complete a supervised applied lab for configuration backup and recovery, record expected versus observed results, diagnose one controlled fault, and restore the approved state.","Baseline evidence, completed practical artifact, independent verification, safety/restoration record, and short professional report."
49,DAY_049,5,LED Processing and Configuration,Integration and documentation,"LED Processing and Configuration — Integration, Documentation, and Handover",foundation-to-intermediate,8,Beyond LED screens | projectors | LED processor | configuration software | test patterns | PPE,"Integrate the four led processing and configuration skill areas into one reproducible workflow, diagram, checklist, evidence pack, and handover note.","Baseline evidence, completed practical artifact, independent verification, safety/restoration record, and short professional report."
50,DAY_050,5,LED Processing and Configuration,Assessment and presentation,LED Processing and Configuration — Assessment Project,foundation-to-intermediate,8,Beyond LED screens | projectors | LED processor | configuration software | test patterns | PPE,"Plan, execute, verify, present, and safely close an assessment project covering the complete led processing and configuration phase.","Assessment demonstration, reproducible project/equipment package, verification and restoration evidence, safety review, and professional report."
51,DAY_051,6,Projection Systems,Orientation and setup,Projector Technologies Lenses And Throw — Foundations and Vocabulary,foundation-to-intermediate,8,Beyond LED screens | projectors | screens | lenses | PPE,"Explain and demonstrate projector technologies lenses and throw through an authorized baseline, measurable check, documented failure mode, and independent verification.","Baseline evidence, completed practical artifact, independent verification, safety/restoration record, and short professional report."
52,DAY_052,6,Projection Systems,Concept development,Projector Technologies Lenses And Throw — Applied Baseline Lab,foundation-to-intermediate,8,Beyond LED screens | projectors | screens | lenses | PPE,"Complete a supervised applied lab for projector technologies lenses and throw, record expected versus observed results, diagnose one controlled fault, and restore the approved state.","Baseline evidence, completed practical artifact, independent verification, safety/restoration record, and short professional report."
53,DAY_053,6,Projection Systems,Guided laboratory,Brightness Contrast Ambient Light And Screens — Architecture and Components,foundation-to-intermediate,8,Beyond LED screens | projectors | screens | lenses | PPE,"Explain and demonstrate brightness contrast ambient light and screens through an authorized baseline, measurable check, documented failure mode, and independent verification.","Baseline evidence, completed practical artifact, independent verification, safety/restoration record, and short professional report."
54,DAY_054,6,Projection Systems,Guided laboratory,Brightness Contrast Ambient Light And Screens — Configuration Lab,foundation-to-intermediate,8,Beyond LED screens | projectors | screens | lenses | PPE,"Complete a supervised applied lab for brightness contrast ambient light and screens, record expected versus observed results, diagnose one controlled fault, and restore the approved state.","Baseline evidence, completed practical artifact, independent verification, safety/restoration record, and short professional report."
55,DAY_055,6,Projection Systems,Applied practice,Alignment Focus Keystone And Lens Shift — Design and Technique,foundation-to-intermediate,8,Beyond LED screens | projectors | screens | lenses | PPE,"Explain and demonstrate alignment focus keystone and lens shift through an authorized baseline, measurable check, documented failure mode, and independent verification.","Baseline evidence, completed practical artifact, independent verification, safety/restoration record, and short professional report."
56,DAY_056,6,Projection Systems,Operations and measurement,Alignment Focus Keystone And Lens Shift — Operations and Measurement,foundation-to-intermediate,8,Beyond LED screens | projectors | screens | lenses | PPE,"Complete a supervised applied lab for alignment focus keystone and lens shift, record expected versus observed results, diagnose one controlled fault, and restore the approved state.","Baseline evidence, completed practical artifact, independent verification, safety/restoration record, and short professional report."
57,DAY_057,6,Projection Systems,Troubleshooting laboratory,Mounting Ventilation Lamp/Laser Safety — Troubleshooting and Failure Modes,foundation-to-intermediate,8,Beyond LED screens | projectors | screens | lenses | PPE,"Explain and demonstrate mounting ventilation lamp/laser safety through an authorized baseline, measurable check, documented failure mode, and independent verification.","Baseline evidence, completed practical artifact, independent verification, safety/restoration record, and short professional report."
58,DAY_058,6,Projection Systems,Safety and quality review,"Mounting Ventilation Lamp/Laser Safety — Safety, Quality, and Verification",foundation-to-intermediate,8,Beyond LED screens | projectors | screens | lenses | PPE,"Complete a supervised applied lab for mounting ventilation lamp/laser safety, record expected versus observed results, diagnose one controlled fault, and restore the approved state.","Baseline evidence, completed practical artifact, independent verification, safety/restoration record, and short professional report."
59,DAY_059,6,Projection Systems,Integration and documentation,"Projection Systems — Integration, Documentation, and Handover",foundation-to-intermediate,8,Beyond LED screens | projectors | screens | lenses | PPE,"Integrate the four projection systems skill areas into one reproducible workflow, diagram, checklist, evidence pack, and handover note.","Baseline evidence, completed practical artifact, independent verification, safety/restoration record, and short professional report."
60,DAY_060,6,Projection Systems,Assessment and presentation,Projection Systems — Assessment Project,foundation-to-intermediate,8,Beyond LED screens | projectors | screens | lenses | PPE,"Plan, execute, verify, present, and safely close an assessment project covering the complete projection systems phase.","Assessment demonstration, reproducible project/equipment package, verification and restoration evidence, safety review, and professional report."
61,DAY_061,7,Video Switching and Routing,Orientation and setup,Inputs Outputs Buses And Layers — Foundations and Vocabulary,foundation-to-intermediate,8,Beyond LED screens | projectors | video switcher | matrix/scaler | monitors | test generator,"Explain and demonstrate inputs outputs buses and layers through an authorized baseline, measurable check, documented failure mode, and independent verification.","Baseline evidence, completed practical artifact, independent verification, safety/restoration record, and short professional report."
62,DAY_062,7,Video Switching and Routing,Concept development,Inputs Outputs Buses And Layers — Applied Baseline Lab,foundation-to-intermediate,8,Beyond LED screens | projectors | video switcher | matrix/scaler | monitors | test generator,"Complete a supervised applied lab for inputs outputs buses and layers, record expected versus observed results, diagnose one controlled fault, and restore the approved state.","Baseline evidence, completed practical artifact, independent verification, safety/restoration record, and short professional report."
63,DAY_063,7,Video Switching and Routing,Guided laboratory,Preview Program Transitions And Keying — Architecture and Components,foundation-to-intermediate,8,Beyond LED screens | projectors | video switcher | matrix/scaler | monitors | test generator,"Explain and demonstrate preview program transitions and keying through an authorized baseline, measurable check, documented failure mode, and independent verification.","Baseline evidence, completed practical artifact, independent verification, safety/restoration record, and short professional report."
64,DAY_064,7,Video Switching and Routing,Guided laboratory,Preview Program Transitions And Keying — Configuration Lab,foundation-to-intermediate,8,Beyond LED screens | projectors | video switcher | matrix/scaler | monitors | test generator,"Complete a supervised applied lab for preview program transitions and keying, record expected versus observed results, diagnose one controlled fault, and restore the approved state.","Baseline evidence, completed practical artifact, independent verification, safety/restoration record, and short professional report."
65,DAY_065,7,Video Switching and Routing,Applied practice,Scalers Matrices And Converters — Design and Technique,foundation-to-intermediate,8,Beyond LED screens | projectors | video switcher | matrix/scaler | monitors | test generator,"Explain and demonstrate scalers matrices and converters through an authorized baseline, measurable check, documented failure mode, and independent verification.","Baseline evidence, completed practical artifact, independent verification, safety/restoration record, and short professional report."
66,DAY_066,7,Video Switching and Routing,Operations and measurement,Scalers Matrices And Converters — Operations and Measurement,foundation-to-intermediate,8,Beyond LED screens | projectors | video switcher | matrix/scaler | monitors | test generator,"Complete a supervised applied lab for scalers matrices and converters, record expected versus observed results, diagnose one controlled fault, and restore the approved state.","Baseline evidence, completed practical artifact, independent verification, safety/restoration record, and short professional report."
67,DAY_067,7,Video Switching and Routing,Troubleshooting laboratory,Routing Labels Redundancy And Safe Switching — Troubleshooting and Failure Modes,foundation-to-intermediate,8,Beyond LED screens | projectors | video switcher | matrix/scaler | monitors | test generator,"Explain and demonstrate routing labels redundancy and safe switching through an authorized baseline, measurable check, documented failure mode, and independent verification.","Baseline evidence, completed practical artifact, independent verification, safety/restoration record, and short professional report."
68,DAY_068,7,Video Switching and Routing,Safety and quality review,"Routing Labels Redundancy And Safe Switching — Safety, Quality, and Verification",foundation-to-intermediate,8,Beyond LED screens | projectors | video switcher | matrix/scaler | monitors | test generator,"Complete a supervised applied lab for routing labels redundancy and safe switching, record expected versus observed results, diagnose one controlled fault, and restore the approved state.","Baseline evidence, completed practical artifact, independent verification, safety/restoration record, and short professional report."
69,DAY_069,7,Video Switching and Routing,Integration and documentation,"Video Switching and Routing — Integration, Documentation, and Handover",foundation-to-intermediate,8,Beyond LED screens | projectors | video switcher | matrix/scaler | monitors | test generator,"Integrate the four video switching and routing skill areas into one reproducible workflow, diagram, checklist, evidence pack, and handover note.","Baseline evidence, completed practical artifact, independent verification, safety/restoration record, and short professional report."
70,DAY_070,7,Video Switching and Routing,Assessment and presentation,Video Switching and Routing — Assessment Project,foundation-to-intermediate,8,Beyond LED screens | projectors | video switcher | matrix/scaler | monitors | test generator,"Plan, execute, verify, present, and safely close an assessment project covering the complete video switching and routing phase.","Assessment demonstration, reproducible project/equipment package, verification and restoration evidence, safety review, and professional report."
71,DAY_071,8,Cameras and Image Acquisition,Orientation and setup,Sensor Lens Exposure And Focus — Foundations and Vocabulary,foundation-to-intermediate,8,Beyond LED screens | projectors | cameras | tripods | monitors | PPE,"Explain and demonstrate sensor lens exposure and focus through an authorized baseline, measurable check, documented failure mode, and independent verification.","Baseline evidence, completed practical artifact, independent verification, safety/restoration record, and short professional report."
72,DAY_072,8,Cameras and Image Acquisition,Concept development,Sensor Lens Exposure And Focus — Applied Baseline Lab,foundation-to-intermediate,8,Beyond LED screens | projectors | cameras | tripods | monitors | PPE,"Complete a supervised applied lab for sensor lens exposure and focus, record expected versus observed results, diagnose one controlled fault, and restore the approved state.","Baseline evidence, completed practical artifact, independent verification, safety/restoration record, and short professional report."
73,DAY_073,8,Cameras and Image Acquisition,Guided laboratory,White Balance Color Temperature And Profiles — Architecture and Components,foundation-to-intermediate,8,Beyond LED screens | projectors | cameras | tripods | monitors | PPE,"Explain and demonstrate white balance color temperature and profiles through an authorized baseline, measurable check, documented failure mode, and independent verification.","Baseline evidence, completed practical artifact, independent verification, safety/restoration record, and short professional report."
74,DAY_074,8,Cameras and Image Acquisition,Guided laboratory,White Balance Color Temperature And Profiles — Configuration Lab,foundation-to-intermediate,8,Beyond LED screens | projectors | cameras | tripods | monitors | PPE,"Complete a supervised applied lab for white balance color temperature and profiles, record expected versus observed results, diagnose one controlled fault, and restore the approved state.","Baseline evidence, completed practical artifact, independent verification, safety/restoration record, and short professional report."
75,DAY_075,8,Cameras and Image Acquisition,Applied practice,Tripods Support Movement And Safety — Design and Technique,foundation-to-intermediate,8,Beyond LED screens | projectors | cameras | tripods | monitors | PPE,"Explain and demonstrate tripods support movement and safety through an authorized baseline, measurable check, documented failure mode, and independent verification.","Baseline evidence, completed practical artifact, independent verification, safety/restoration record, and short professional report."
76,DAY_076,8,Cameras and Image Acquisition,Operations and measurement,Tripods Support Movement And Safety — Operations and Measurement,foundation-to-intermediate,8,Beyond LED screens | projectors | cameras | tripods | monitors | PPE,"Complete a supervised applied lab for tripods support movement and safety, record expected versus observed results, diagnose one controlled fault, and restore the approved state.","Baseline evidence, completed practical artifact, independent verification, safety/restoration record, and short professional report."
77,DAY_077,8,Cameras and Image Acquisition,Troubleshooting laboratory,Signal Formats Power Tally And Return Video — Troubleshooting and Failure Modes,foundation-to-intermediate,8,Beyond LED screens | projectors | cameras | tripods | monitors | PPE,"Explain and demonstrate signal formats power tally and return video through an authorized baseline, measurable check, documented failure mode, and independent verification.","Baseline evidence, completed practical artifact, independent verification, safety/restoration record, and short professional report."
78,DAY_078,8,Cameras and Image Acquisition,Safety and quality review,"Signal Formats Power Tally And Return Video — Safety, Quality, and Verification",foundation-to-intermediate,8,Beyond LED screens | projectors | cameras | tripods | monitors | PPE,"Complete a supervised applied lab for signal formats power tally and return video, record expected versus observed results, diagnose one controlled fault, and restore the approved state.","Baseline evidence, completed practical artifact, independent verification, safety/restoration record, and short professional report."
79,DAY_079,8,Cameras and Image Acquisition,Integration and documentation,"Cameras and Image Acquisition — Integration, Documentation, and Handover",foundation-to-intermediate,8,Beyond LED screens | projectors | cameras | tripods | monitors | PPE,"Integrate the four cameras and image acquisition skill areas into one reproducible workflow, diagram, checklist, evidence pack, and handover note.","Baseline evidence, completed practical artifact, independent verification, safety/restoration record, and short professional report."
80,DAY_080,8,Cameras and Image Acquisition,Assessment and presentation,Cameras and Image Acquisition — Assessment Project,foundation-to-intermediate,8,Beyond LED screens | projectors | cameras | tripods | monitors | PPE,"Plan, execute, verify, present, and safely close an assessment project covering the complete cameras and image acquisition phase.","Assessment demonstration, reproducible project/equipment package, verification and restoration evidence, safety review, and professional report."
81,DAY_081,9,Media Playback and Graphics,Orientation and setup,Codecs Containers And Playback Compatibility — Foundations and Vocabulary,intermediate,8,Beyond LED screens | projectors | OBS/VLC/approved playback | graphics tools | switcher | storage,"Explain and demonstrate codecs containers and playback compatibility through an authorized baseline, measurable check, documented failure mode, and independent verification.","Baseline evidence, completed practical artifact, independent verification, safety/restoration record, and short professional report."
82,DAY_082,9,Media Playback and Graphics,Concept development,Codecs Containers And Playback Compatibility — Applied Baseline Lab,intermediate,8,Beyond LED screens | projectors | OBS/VLC/approved playback | graphics tools | switcher | storage,"Complete a supervised applied lab for codecs containers and playback compatibility, record expected versus observed results, diagnose one controlled fault, and restore the approved state.","Baseline evidence, completed practical artifact, independent verification, safety/restoration record, and short professional report."
83,DAY_083,9,Media Playback and Graphics,Guided laboratory,Presentation Graphics And Lower Thirds — Architecture and Components,intermediate,8,Beyond LED screens | projectors | OBS/VLC/approved playback | graphics tools | switcher | storage,"Explain and demonstrate presentation graphics and lower thirds through an authorized baseline, measurable check, documented failure mode, and independent verification.","Baseline evidence, completed practical artifact, independent verification, safety/restoration record, and short professional report."
84,DAY_084,9,Media Playback and Graphics,Guided laboratory,Presentation Graphics And Lower Thirds — Configuration Lab,intermediate,8,Beyond LED screens | projectors | OBS/VLC/approved playback | graphics tools | switcher | storage,"Complete a supervised applied lab for presentation graphics and lower thirds, record expected versus observed results, diagnose one controlled fault, and restore the approved state.","Baseline evidence, completed practical artifact, independent verification, safety/restoration record, and short professional report."
85,DAY_085,9,Media Playback and Graphics,Applied practice,Playback Redundancy And Cueing — Design and Technique,intermediate,8,Beyond LED screens | projectors | OBS/VLC/approved playback | graphics tools | switcher | storage,"Explain and demonstrate playback redundancy and cueing through an authorized baseline, measurable check, documented failure mode, and independent verification.","Baseline evidence, completed practical artifact, independent verification, safety/restoration record, and short professional report."
86,DAY_086,9,Media Playback and Graphics,Operations and measurement,Playback Redundancy And Cueing — Operations and Measurement,intermediate,8,Beyond LED screens | projectors | OBS/VLC/approved playback | graphics tools | switcher | storage,"Complete a supervised applied lab for playback redundancy and cueing, record expected versus observed results, diagnose one controlled fault, and restore the approved state.","Baseline evidence, completed practical artifact, independent verification, safety/restoration record, and short professional report."
87,DAY_087,9,Media Playback and Graphics,Troubleshooting laboratory,File Naming Rights Backup And Verification — Troubleshooting and Failure Modes,intermediate,8,Beyond LED screens | projectors | OBS/VLC/approved playback | graphics tools | switcher | storage,"Explain and demonstrate file naming rights backup and verification through an authorized baseline, measurable check, documented failure mode, and independent verification.","Baseline evidence, completed practical artifact, independent verification, safety/restoration record, and short professional report."
88,DAY_088,9,Media Playback and Graphics,Safety and quality review,"File Naming Rights Backup And Verification — Safety, Quality, and Verification",intermediate,8,Beyond LED screens | projectors | OBS/VLC/approved playback | graphics tools | switcher | storage,"Complete a supervised applied lab for file naming rights backup and verification, record expected versus observed results, diagnose one controlled fault, and restore the approved state.","Baseline evidence, completed practical artifact, independent verification, safety/restoration record, and short professional report."
89,DAY_089,9,Media Playback and Graphics,Integration and documentation,"Media Playback and Graphics — Integration, Documentation, and Handover",intermediate,8,Beyond LED screens | projectors | OBS/VLC/approved playback | graphics tools | switcher | storage,"Integrate the four media playback and graphics skill areas into one reproducible workflow, diagram, checklist, evidence pack, and handover note.","Baseline evidence, completed practical artifact, independent verification, safety/restoration record, and short professional report."
90,DAY_090,9,Media Playback and Graphics,Assessment and presentation,Media Playback and Graphics — Assessment Project,intermediate,8,Beyond LED screens | projectors | OBS/VLC/approved playback | graphics tools | switcher | storage,"Plan, execute, verify, present, and safely close an assessment project covering the complete media playback and graphics phase.","Assessment demonstration, reproducible project/equipment package, verification and restoration evidence, safety review, and professional report."
91,DAY_091,10,Streaming and Recording,Orientation and setup,Encoding Bitrate Resolution And Latency — Foundations and Vocabulary,intermediate,8,Beyond LED screens | projectors | OBS | capture device | local streaming lab | storage,"Explain and demonstrate encoding bitrate resolution and latency through an authorized baseline, measurable check, documented failure mode, and independent verification.","Baseline evidence, completed practical artifact, independent verification, safety/restoration record, and short professional report."
92,DAY_092,10,Streaming and Recording,Concept development,Encoding Bitrate Resolution And Latency — Applied Baseline Lab,intermediate,8,Beyond LED screens | projectors | OBS | capture device | local streaming lab | storage,"Complete a supervised applied lab for encoding bitrate resolution and latency, record expected versus observed results, diagnose one controlled fault, and restore the approved state.","Baseline evidence, completed practical artifact, independent verification, safety/restoration record, and short professional report."
93,DAY_093,10,Streaming and Recording,Guided laboratory,Audio Embedding Synchronization And Monitoring — Architecture and Components,intermediate,8,Beyond LED screens | projectors | OBS | capture device | local streaming lab | storage,"Explain and demonstrate audio embedding synchronization and monitoring through an authorized baseline, measurable check, documented failure mode, and independent verification.","Baseline evidence, completed practical artifact, independent verification, safety/restoration record, and short professional report."
94,DAY_094,10,Streaming and Recording,Guided laboratory,Audio Embedding Synchronization And Monitoring — Configuration Lab,intermediate,8,Beyond LED screens | projectors | OBS | capture device | local streaming lab | storage,"Complete a supervised applied lab for audio embedding synchronization and monitoring, record expected versus observed results, diagnose one controlled fault, and restore the approved state.","Baseline evidence, completed practical artifact, independent verification, safety/restoration record, and short professional report."
95,DAY_095,10,Streaming and Recording,Applied practice,Stream Keys Privacy And Platform Authorization — Design and Technique,intermediate,8,Beyond LED screens | projectors | OBS | capture device | local streaming lab | storage,"Explain and demonstrate stream keys privacy and platform authorization through an authorized baseline, measurable check, documented failure mode, and independent verification.","Baseline evidence, completed practical artifact, independent verification, safety/restoration record, and short professional report."
96,DAY_096,10,Streaming and Recording,Operations and measurement,Stream Keys Privacy And Platform Authorization — Operations and Measurement,intermediate,8,Beyond LED screens | projectors | OBS | capture device | local streaming lab | storage,"Complete a supervised applied lab for stream keys privacy and platform authorization, record expected versus observed results, diagnose one controlled fault, and restore the approved state.","Baseline evidence, completed practical artifact, independent verification, safety/restoration record, and short professional report."
97,DAY_097,10,Streaming and Recording,Troubleshooting laboratory,Local Recording Storage Consent And Recovery — Troubleshooting and Failure Modes,intermediate,8,Beyond LED screens | projectors | OBS | capture device | local streaming lab | storage,"Explain and demonstrate local recording storage consent and recovery through an authorized baseline, measurable check, documented failure mode, and independent verification.","Baseline evidence, completed practical artifact, independent verification, safety/restoration record, and short professional report."
98,DAY_098,10,Streaming and Recording,Safety and quality review,"Local Recording Storage Consent And Recovery — Safety, Quality, and Verification",intermediate,8,Beyond LED screens | projectors | OBS | capture device | local streaming lab | storage,"Complete a supervised applied lab for local recording storage consent and recovery, record expected versus observed results, diagnose one controlled fault, and restore the approved state.","Baseline evidence, completed practical artifact, independent verification, safety/restoration record, and short professional report."
99,DAY_099,10,Streaming and Recording,Integration and documentation,"Streaming and Recording — Integration, Documentation, and Handover",intermediate,8,Beyond LED screens | projectors | OBS | capture device | local streaming lab | storage,"Integrate the four streaming and recording skill areas into one reproducible workflow, diagram, checklist, evidence pack, and handover note.","Baseline evidence, completed practical artifact, independent verification, safety/restoration record, and short professional report."
100,DAY_100,10,Streaming and Recording,Assessment and presentation,Streaming and Recording — Assessment Project,intermediate,8,Beyond LED screens | projectors | OBS | capture device | local streaming lab | storage,"Plan, execute, verify, present, and safely close an assessment project covering the complete streaming and recording phase.","Assessment demonstration, reproducible project/equipment package, verification and restoration evidence, safety review, and professional report."
101,DAY_101,11,Color Calibration and Quality Control,Orientation and setup,Test Patterns Scopes And Signal Levels — Foundations and Vocabulary,intermediate,8,Beyond LED screens | projectors | test generator | scopes/software | colorimeter where available | displays,"Explain and demonstrate test patterns scopes and signal levels through an authorized baseline, measurable check, documented failure mode, and independent verification.","Baseline evidence, completed practical artifact, independent verification, safety/restoration record, and short professional report."
102,DAY_102,11,Color Calibration and Quality Control,Concept development,Test Patterns Scopes And Signal Levels — Applied Baseline Lab,intermediate,8,Beyond LED screens | projectors | test generator | scopes/software | colorimeter where available | displays,"Complete a supervised applied lab for test patterns scopes and signal levels, record expected versus observed results, diagnose one controlled fault, and restore the approved state.","Baseline evidence, completed practical artifact, independent verification, safety/restoration record, and short professional report."
103,DAY_103,11,Color Calibration and Quality Control,Guided laboratory,Brightness Gamma White Point And Color — Architecture and Components,intermediate,8,Beyond LED screens | projectors | test generator | scopes/software | colorimeter where available | displays,"Explain and demonstrate brightness gamma white point and color through an authorized baseline, measurable check, documented failure mode, and independent verification.","Baseline evidence, completed practical artifact, independent verification, safety/restoration record, and short professional report."
104,DAY_104,11,Color Calibration and Quality Control,Guided laboratory,Brightness Gamma White Point And Color — Configuration Lab,intermediate,8,Beyond LED screens | projectors | test generator | scopes/software | colorimeter where available | displays,"Complete a supervised applied lab for brightness gamma white point and color, record expected versus observed results, diagnose one controlled fault, and restore the approved state.","Baseline evidence, completed practical artifact, independent verification, safety/restoration record, and short professional report."
105,DAY_105,11,Color Calibration and Quality Control,Applied practice,Display Matching And Viewing Environment — Design and Technique,intermediate,8,Beyond LED screens | projectors | test generator | scopes/software | colorimeter where available | displays,"Explain and demonstrate display matching and viewing environment through an authorized baseline, measurable check, documented failure mode, and independent verification.","Baseline evidence, completed practical artifact, independent verification, safety/restoration record, and short professional report."
106,DAY_106,11,Color Calibration and Quality Control,Operations and measurement,Display Matching And Viewing Environment — Operations and Measurement,intermediate,8,Beyond LED screens | projectors | test generator | scopes/software | colorimeter where available | displays,"Complete a supervised applied lab for display matching and viewing environment, record expected versus observed results, diagnose one controlled fault, and restore the approved state.","Baseline evidence, completed practical artifact, independent verification, safety/restoration record, and short professional report."
107,DAY_107,11,Color Calibration and Quality Control,Troubleshooting laboratory,Calibration Records And Client Acceptance — Troubleshooting and Failure Modes,intermediate,8,Beyond LED screens | projectors | test generator | scopes/software | colorimeter where available | displays,"Explain and demonstrate calibration records and client acceptance through an authorized baseline, measurable check, documented failure mode, and independent verification.","Baseline evidence, completed practical artifact, independent verification, safety/restoration record, and short professional report."
108,DAY_108,11,Color Calibration and Quality Control,Safety and quality review,"Calibration Records And Client Acceptance — Safety, Quality, and Verification",intermediate,8,Beyond LED screens | projectors | test generator | scopes/software | colorimeter where available | displays,"Complete a supervised applied lab for calibration records and client acceptance, record expected versus observed results, diagnose one controlled fault, and restore the approved state.","Baseline evidence, completed practical artifact, independent verification, safety/restoration record, and short professional report."
109,DAY_109,11,Color Calibration and Quality Control,Integration and documentation,"Color Calibration and Quality Control — Integration, Documentation, and Handover",intermediate,8,Beyond LED screens | projectors | test generator | scopes/software | colorimeter where available | displays,"Integrate the four color calibration and quality control skill areas into one reproducible workflow, diagram, checklist, evidence pack, and handover note.","Baseline evidence, completed practical artifact, independent verification, safety/restoration record, and short professional report."
110,DAY_110,11,Color Calibration and Quality Control,Assessment and presentation,Color Calibration and Quality Control — Assessment Project,intermediate,8,Beyond LED screens | projectors | test generator | scopes/software | colorimeter where available | displays,"Plan, execute, verify, present, and safely close an assessment project covering the complete color calibration and quality control phase.","Assessment demonstration, reproducible project/equipment package, verification and restoration evidence, safety review, and professional report."
111,DAY_111,12,Signal Distribution and Redundancy,Orientation and setup,Splitters Das Matrices And Routers — Foundations and Vocabulary,intermediate,8,Beyond LED screens | projectors | routers/DAs | fiber/copper tools | monitors | PPE,"Explain and demonstrate splitters DAs matrices and routers through an authorized baseline, measurable check, documented failure mode, and independent verification.","Baseline evidence, completed practical artifact, independent verification, safety/restoration record, and short professional report."
112,DAY_112,12,Signal Distribution and Redundancy,Concept development,Splitters Das Matrices And Routers — Applied Baseline Lab,intermediate,8,Beyond LED screens | projectors | routers/DAs | fiber/copper tools | monitors | PPE,"Complete a supervised applied lab for splitters DAs matrices and routers, record expected versus observed results, diagnose one controlled fault, and restore the approved state.","Baseline evidence, completed practical artifact, independent verification, safety/restoration record, and short professional report."
113,DAY_113,12,Signal Distribution and Redundancy,Guided laboratory,Primary Backup And Failover Paths — Architecture and Components,intermediate,8,Beyond LED screens | projectors | routers/DAs | fiber/copper tools | monitors | PPE,"Explain and demonstrate primary backup and failover paths through an authorized baseline, measurable check, documented failure mode, and independent verification.","Baseline evidence, completed practical artifact, independent verification, safety/restoration record, and short professional report."
114,DAY_114,12,Signal Distribution and Redundancy,Guided laboratory,Primary Backup And Failover Paths — Configuration Lab,intermediate,8,Beyond LED screens | projectors | routers/DAs | fiber/copper tools | monitors | PPE,"Complete a supervised applied lab for primary backup and failover paths, record expected versus observed results, diagnose one controlled fault, and restore the approved state.","Baseline evidence, completed practical artifact, independent verification, safety/restoration record, and short professional report."
115,DAY_115,12,Signal Distribution and Redundancy,Applied practice,Long-Distance Copper Fiber And Ip Transport — Design and Technique,intermediate,8,Beyond LED screens | projectors | routers/DAs | fiber/copper tools | monitors | PPE,"Explain and demonstrate long-distance copper fiber and IP transport through an authorized baseline, measurable check, documented failure mode, and independent verification.","Baseline evidence, completed practical artifact, independent verification, safety/restoration record, and short professional report."
116,DAY_116,12,Signal Distribution and Redundancy,Operations and measurement,Long-Distance Copper Fiber And Ip Transport — Operations and Measurement,intermediate,8,Beyond LED screens | projectors | routers/DAs | fiber/copper tools | monitors | PPE,"Complete a supervised applied lab for long-distance copper fiber and IP transport, record expected versus observed results, diagnose one controlled fault, and restore the approved state.","Baseline evidence, completed practical artifact, independent verification, safety/restoration record, and short professional report."
117,DAY_117,12,Signal Distribution and Redundancy,Troubleshooting laboratory,Power Network And Signal Redundancy — Troubleshooting and Failure Modes,intermediate,8,Beyond LED screens | projectors | routers/DAs | fiber/copper tools | monitors | PPE,"Explain and demonstrate power network and signal redundancy through an authorized baseline, measurable check, documented failure mode, and independent verification.","Baseline evidence, completed practical artifact, independent verification, safety/restoration record, and short professional report."
118,DAY_118,12,Signal Distribution and Redundancy,Safety and quality review,"Power Network And Signal Redundancy — Safety, Quality, and Verification",intermediate,8,Beyond LED screens | projectors | routers/DAs | fiber/copper tools | monitors | PPE,"Complete a supervised applied lab for power network and signal redundancy, record expected versus observed results, diagnose one controlled fault, and restore the approved state.","Baseline evidence, completed practical artifact, independent verification, safety/restoration record, and short professional report."
119,DAY_119,12,Signal Distribution and Redundancy,Integration and documentation,"Signal Distribution and Redundancy — Integration, Documentation, and Handover",intermediate,8,Beyond LED screens | projectors | routers/DAs | fiber/copper tools | monitors | PPE,"Integrate the four signal distribution and redundancy skill areas into one reproducible workflow, diagram, checklist, evidence pack, and handover note.","Baseline evidence, completed practical artifact, independent verification, safety/restoration record, and short professional report."
120,DAY_120,12,Signal Distribution and Redundancy,Assessment and presentation,Signal Distribution and Redundancy — Assessment Project,intermediate,8,Beyond LED screens | projectors | routers/DAs | fiber/copper tools | monitors | PPE,"Plan, execute, verify, present, and safely close an assessment project covering the complete signal distribution and redundancy phase.","Assessment demonstration, reproducible project/equipment package, verification and restoration evidence, safety review, and professional report."
121,DAY_121,13,Video over IP and Networked Media,Orientation and setup,Ip Addressing Bandwidth And Multicast — Foundations and Vocabulary,intermediate,8,Beyond LED screens | projectors | managed switch lab | video-over-IP endpoints | Wireshark | test tools,"Explain and demonstrate IP addressing bandwidth and multicast through an authorized baseline, measurable check, documented failure mode, and independent verification.","Baseline evidence, completed practical artifact, independent verification, safety/restoration record, and short professional report."
122,DAY_122,13,Video over IP and Networked Media,Concept development,Ip Addressing Bandwidth And Multicast — Applied Baseline Lab,intermediate,8,Beyond LED screens | projectors | managed switch lab | video-over-IP endpoints | Wireshark | test tools,"Complete a supervised applied lab for IP addressing bandwidth and multicast, record expected versus observed results, diagnose one controlled fault, and restore the approved state.","Baseline evidence, completed practical artifact, independent verification, safety/restoration record, and short professional report."
123,DAY_123,13,Video over IP and Networked Media,Guided laboratory,Ndi/Srt/Rtp Concepts — Architecture and Components,intermediate,8,Beyond LED screens | projectors | managed switch lab | video-over-IP endpoints | Wireshark | test tools,"Explain and demonstrate NDI/SRT/RTP concepts through an authorized baseline, measurable check, documented failure mode, and independent verification.","Baseline evidence, completed practical artifact, independent verification, safety/restoration record, and short professional report."
124,DAY_124,13,Video over IP and Networked Media,Guided laboratory,Ndi/Srt/Rtp Concepts — Configuration Lab,intermediate,8,Beyond LED screens | projectors | managed switch lab | video-over-IP endpoints | Wireshark | test tools,"Complete a supervised applied lab for NDI/SRT/RTP concepts, record expected versus observed results, diagnose one controlled fault, and restore the approved state.","Baseline evidence, completed practical artifact, independent verification, safety/restoration record, and short professional report."
125,DAY_125,13,Video over IP and Networked Media,Applied practice,Switch Qos Vlan And Igmp — Design and Technique,intermediate,8,Beyond LED screens | projectors | managed switch lab | video-over-IP endpoints | Wireshark | test tools,"Explain and demonstrate switch QoS VLAN and IGMP through an authorized baseline, measurable check, documented failure mode, and independent verification.","Baseline evidence, completed practical artifact, independent verification, safety/restoration record, and short professional report."
126,DAY_126,13,Video over IP and Networked Media,Operations and measurement,Switch Qos Vlan And Igmp — Operations and Measurement,intermediate,8,Beyond LED screens | projectors | managed switch lab | video-over-IP endpoints | Wireshark | test tools,"Complete a supervised applied lab for switch QoS VLAN and IGMP, record expected versus observed results, diagnose one controlled fault, and restore the approved state.","Baseline evidence, completed practical artifact, independent verification, safety/restoration record, and short professional report."
127,DAY_127,13,Video over IP and Networked Media,Troubleshooting laboratory,Latency Security Monitoring And Troubleshooting — Troubleshooting and Failure Modes,intermediate,8,Beyond LED screens | projectors | managed switch lab | video-over-IP endpoints | Wireshark | test tools,"Explain and demonstrate latency security monitoring and troubleshooting through an authorized baseline, measurable check, documented failure mode, and independent verification.","Baseline evidence, completed practical artifact, independent verification, safety/restoration record, and short professional report."
128,DAY_128,13,Video over IP and Networked Media,Safety and quality review,"Latency Security Monitoring And Troubleshooting — Safety, Quality, and Verification",intermediate,8,Beyond LED screens | projectors | managed switch lab | video-over-IP endpoints | Wireshark | test tools,"Complete a supervised applied lab for latency security monitoring and troubleshooting, record expected versus observed results, diagnose one controlled fault, and restore the approved state.","Baseline evidence, completed practical artifact, independent verification, safety/restoration record, and short professional report."
129,DAY_129,13,Video over IP and Networked Media,Integration and documentation,"Video over IP and Networked Media — Integration, Documentation, and Handover",intermediate,8,Beyond LED screens | projectors | managed switch lab | video-over-IP endpoints | Wireshark | test tools,"Integrate the four video over ip and networked media skill areas into one reproducible workflow, diagram, checklist, evidence pack, and handover note.","Baseline evidence, completed practical artifact, independent verification, safety/restoration record, and short professional report."
130,DAY_130,13,Video over IP and Networked Media,Assessment and presentation,Video over IP and Networked Media — Assessment Project,intermediate,8,Beyond LED screens | projectors | managed switch lab | video-over-IP endpoints | Wireshark | test tools,"Plan, execute, verify, present, and safely close an assessment project covering the complete video over ip and networked media phase.","Assessment demonstration, reproducible project/equipment package, verification and restoration evidence, safety review, and professional report."
131,DAY_131,14,Large-Format Design and Pixel Mapping,Orientation and setup,Canvas Resolution And Content Zones — Foundations and Vocabulary,intermediate-to-advanced,8,Beyond LED screens | projectors | media server/software | LED processor | visualizer | test media,"Explain and demonstrate canvas resolution and content zones through an authorized baseline, measurable check, documented failure mode, and independent verification.","Baseline evidence, completed practical artifact, independent verification, safety/restoration record, and short professional report."
132,DAY_132,14,Large-Format Design and Pixel Mapping,Concept development,Canvas Resolution And Content Zones — Applied Baseline Lab,intermediate-to-advanced,8,Beyond LED screens | projectors | media server/software | LED processor | visualizer | test media,"Complete a supervised applied lab for canvas resolution and content zones, record expected versus observed results, diagnose one controlled fault, and restore the approved state.","Baseline evidence, completed practical artifact, independent verification, safety/restoration record, and short professional report."
133,DAY_133,14,Large-Format Design and Pixel Mapping,Guided laboratory,Led Wall Aspect And Processor Capacity — Architecture and Components,intermediate-to-advanced,8,Beyond LED screens | projectors | media server/software | LED processor | visualizer | test media,"Explain and demonstrate LED wall aspect and processor capacity through an authorized baseline, measurable check, documented failure mode, and independent verification.","Baseline evidence, completed practical artifact, independent verification, safety/restoration record, and short professional report."
134,DAY_134,14,Large-Format Design and Pixel Mapping,Guided laboratory,Led Wall Aspect And Processor Capacity — Configuration Lab,intermediate-to-advanced,8,Beyond LED screens | projectors | media server/software | LED processor | visualizer | test media,"Complete a supervised applied lab for LED wall aspect and processor capacity, record expected versus observed results, diagnose one controlled fault, and restore the approved state.","Baseline evidence, completed practical artifact, independent verification, safety/restoration record, and short professional report."
135,DAY_135,14,Large-Format Design and Pixel Mapping,Applied practice,Multi-Screen Mapping And Edge Blending — Design and Technique,intermediate-to-advanced,8,Beyond LED screens | projectors | media server/software | LED processor | visualizer | test media,"Explain and demonstrate multi-screen mapping and edge blending through an authorized baseline, measurable check, documented failure mode, and independent verification.","Baseline evidence, completed practical artifact, independent verification, safety/restoration record, and short professional report."
136,DAY_136,14,Large-Format Design and Pixel Mapping,Operations and measurement,Multi-Screen Mapping And Edge Blending — Operations and Measurement,intermediate-to-advanced,8,Beyond LED screens | projectors | media server/software | LED processor | visualizer | test media,"Complete a supervised applied lab for multi-screen mapping and edge blending, record expected versus observed results, diagnose one controlled fault, and restore the approved state.","Baseline evidence, completed practical artifact, independent verification, safety/restoration record, and short professional report."
137,DAY_137,14,Large-Format Design and Pixel Mapping,Troubleshooting laboratory,Content Templates Safe Areas And Rehearsal — Troubleshooting and Failure Modes,intermediate-to-advanced,8,Beyond LED screens | projectors | media server/software | LED processor | visualizer | test media,"Explain and demonstrate content templates safe areas and rehearsal through an authorized baseline, measurable check, documented failure mode, and independent verification.","Baseline evidence, completed practical artifact, independent verification, safety/restoration record, and short professional report."
138,DAY_138,14,Large-Format Design and Pixel Mapping,Safety and quality review,"Content Templates Safe Areas And Rehearsal — Safety, Quality, and Verification",intermediate-to-advanced,8,Beyond LED screens | projectors | media server/software | LED processor | visualizer | test media,"Complete a supervised applied lab for content templates safe areas and rehearsal, record expected versus observed results, diagnose one controlled fault, and restore the approved state.","Baseline evidence, completed practical artifact, independent verification, safety/restoration record, and short professional report."
139,DAY_139,14,Large-Format Design and Pixel Mapping,Integration and documentation,"Large-Format Design and Pixel Mapping — Integration, Documentation, and Handover",intermediate-to-advanced,8,Beyond LED screens | projectors | media server/software | LED processor | visualizer | test media,"Integrate the four large-format design and pixel mapping skill areas into one reproducible workflow, diagram, checklist, evidence pack, and handover note.","Baseline evidence, completed practical artifact, independent verification, safety/restoration record, and short professional report."
140,DAY_140,14,Large-Format Design and Pixel Mapping,Assessment and presentation,Large-Format Design and Pixel Mapping — Assessment Project,intermediate-to-advanced,8,Beyond LED screens | projectors | media server/software | LED processor | visualizer | test media,"Plan, execute, verify, present, and safely close an assessment project covering the complete large-format design and pixel mapping phase.","Assessment demonstration, reproducible project/equipment package, verification and restoration evidence, safety review, and professional report."
141,DAY_141,15,Event and Broadcast Workflows,Orientation and setup,Run Of Show Cues And Communication — Foundations and Vocabulary,intermediate-to-advanced,8,Beyond LED screens | projectors | full video system | intercom | production documents | PPE,"Explain and demonstrate run of show cues and communication through an authorized baseline, measurable check, documented failure mode, and independent verification.","Baseline evidence, completed practical artifact, independent verification, safety/restoration record, and short professional report."
142,DAY_142,15,Event and Broadcast Workflows,Concept development,Run Of Show Cues And Communication — Applied Baseline Lab,intermediate-to-advanced,8,Beyond LED screens | projectors | full video system | intercom | production documents | PPE,"Complete a supervised applied lab for run of show cues and communication, record expected versus observed results, diagnose one controlled fault, and restore the approved state.","Baseline evidence, completed practical artifact, independent verification, safety/restoration record, and short professional report."
143,DAY_143,15,Event and Broadcast Workflows,Guided laboratory,Imag Presentation And Confidence Monitoring — Architecture and Components,intermediate-to-advanced,8,Beyond LED screens | projectors | full video system | intercom | production documents | PPE,"Explain and demonstrate IMAG presentation and confidence monitoring through an authorized baseline, measurable check, documented failure mode, and independent verification.","Baseline evidence, completed practical artifact, independent verification, safety/restoration record, and short professional report."
144,DAY_144,15,Event and Broadcast Workflows,Guided laboratory,Imag Presentation And Confidence Monitoring — Configuration Lab,intermediate-to-advanced,8,Beyond LED screens | projectors | full video system | intercom | production documents | PPE,"Complete a supervised applied lab for IMAG presentation and confidence monitoring, record expected versus observed results, diagnose one controlled fault, and restore the approved state.","Baseline evidence, completed practical artifact, independent verification, safety/restoration record, and short professional report."
145,DAY_145,15,Event and Broadcast Workflows,Applied practice,Broadcast Multiview Tally And Recording — Design and Technique,intermediate-to-advanced,8,Beyond LED screens | projectors | full video system | intercom | production documents | PPE,"Explain and demonstrate broadcast multiview tally and recording through an authorized baseline, measurable check, documented failure mode, and independent verification.","Baseline evidence, completed practical artifact, independent verification, safety/restoration record, and short professional report."
146,DAY_146,15,Event and Broadcast Workflows,Operations and measurement,Broadcast Multiview Tally And Recording — Operations and Measurement,intermediate-to-advanced,8,Beyond LED screens | projectors | full video system | intercom | production documents | PPE,"Complete a supervised applied lab for broadcast multiview tally and recording, record expected versus observed results, diagnose one controlled fault, and restore the approved state.","Baseline evidence, completed practical artifact, independent verification, safety/restoration record, and short professional report."
147,DAY_147,15,Event and Broadcast Workflows,Troubleshooting laboratory,Rehearsal Change Control And Incident Response — Troubleshooting and Failure Modes,intermediate-to-advanced,8,Beyond LED screens | projectors | full video system | intercom | production documents | PPE,"Explain and demonstrate rehearsal change control and incident response through an authorized baseline, measurable check, documented failure mode, and independent verification.","Baseline evidence, completed practical artifact, independent verification, safety/restoration record, and short professional report."
148,DAY_148,15,Event and Broadcast Workflows,Safety and quality review,"Rehearsal Change Control And Incident Response — Safety, Quality, and Verification",intermediate-to-advanced,8,Beyond LED screens | projectors | full video system | intercom | production documents | PPE,"Complete a supervised applied lab for rehearsal change control and incident response, record expected versus observed results, diagnose one controlled fault, and restore the approved state.","Baseline evidence, completed practical artifact, independent verification, safety/restoration record, and short professional report."
149,DAY_149,15,Event and Broadcast Workflows,Integration and documentation,"Event and Broadcast Workflows — Integration, Documentation, and Handover",intermediate-to-advanced,8,Beyond LED screens | projectors | full video system | intercom | production documents | PPE,"Integrate the four event and broadcast workflows skill areas into one reproducible workflow, diagram, checklist, evidence pack, and handover note.","Baseline evidence, completed practical artifact, independent verification, safety/restoration record, and short professional report."
150,DAY_150,15,Event and Broadcast Workflows,Assessment and presentation,Event and Broadcast Workflows — Assessment Project,intermediate-to-advanced,8,Beyond LED screens | projectors | full video system | intercom | production documents | PPE,"Plan, execute, verify, present, and safely close an assessment project covering the complete event and broadcast workflows phase.","Assessment demonstration, reproducible project/equipment package, verification and restoration evidence, safety review, and professional report."
151,DAY_151,16,Troubleshooting and Maintenance,Orientation and setup,No Signal Edid And Hdcp Issues — Foundations and Vocabulary,intermediate-to-advanced,8,Beyond LED screens | projectors | video lab | testers | service tools | PPE,"Explain and demonstrate no signal EDID and HDCP issues through an authorized baseline, measurable check, documented failure mode, and independent verification.","Baseline evidence, completed practical artifact, independent verification, safety/restoration record, and short professional report."
152,DAY_152,16,Troubleshooting and Maintenance,Concept development,No Signal Edid And Hdcp Issues — Applied Baseline Lab,intermediate-to-advanced,8,Beyond LED screens | projectors | video lab | testers | service tools | PPE,"Complete a supervised applied lab for no signal EDID and HDCP issues, record expected versus observed results, diagnose one controlled fault, and restore the approved state.","Baseline evidence, completed practical artifact, independent verification, safety/restoration record, and short professional report."
153,DAY_153,16,Troubleshooting and Maintenance,Guided laboratory,Flicker Artifacts Color And Sync Faults — Architecture and Components,intermediate-to-advanced,8,Beyond LED screens | projectors | video lab | testers | service tools | PPE,"Explain and demonstrate flicker artifacts color and sync faults through an authorized baseline, measurable check, documented failure mode, and independent verification.","Baseline evidence, completed practical artifact, independent verification, safety/restoration record, and short professional report."
154,DAY_154,16,Troubleshooting and Maintenance,Guided laboratory,Flicker Artifacts Color And Sync Faults — Configuration Lab,intermediate-to-advanced,8,Beyond LED screens | projectors | video lab | testers | service tools | PPE,"Complete a supervised applied lab for flicker artifacts color and sync faults, record expected versus observed results, diagnose one controlled fault, and restore the approved state.","Baseline evidence, completed practical artifact, independent verification, safety/restoration record, and short professional report."
155,DAY_155,16,Troubleshooting and Maintenance,Applied practice,Led Module Power Data And Mapping Faults — Design and Technique,intermediate-to-advanced,8,Beyond LED screens | projectors | video lab | testers | service tools | PPE,"Explain and demonstrate LED module power data and mapping faults through an authorized baseline, measurable check, documented failure mode, and independent verification.","Baseline evidence, completed practical artifact, independent verification, safety/restoration record, and short professional report."
156,DAY_156,16,Troubleshooting and Maintenance,Operations and measurement,Led Module Power Data And Mapping Faults — Operations and Measurement,intermediate-to-advanced,8,Beyond LED screens | projectors | video lab | testers | service tools | PPE,"Complete a supervised applied lab for LED module power data and mapping faults, record expected versus observed results, diagnose one controlled fault, and restore the approved state.","Baseline evidence, completed practical artifact, independent verification, safety/restoration record, and short professional report."
157,DAY_157,16,Troubleshooting and Maintenance,Troubleshooting laboratory,Inspection Cleaning Spares And Service Records — Troubleshooting and Failure Modes,intermediate-to-advanced,8,Beyond LED screens | projectors | video lab | testers | service tools | PPE,"Explain and demonstrate inspection cleaning spares and service records through an authorized baseline, measurable check, documented failure mode, and independent verification.","Baseline evidence, completed practical artifact, independent verification, safety/restoration record, and short professional report."
158,DAY_158,16,Troubleshooting and Maintenance,Safety and quality review,"Inspection Cleaning Spares And Service Records — Safety, Quality, and Verification",intermediate-to-advanced,8,Beyond LED screens | projectors | video lab | testers | service tools | PPE,"Complete a supervised applied lab for inspection cleaning spares and service records, record expected versus observed results, diagnose one controlled fault, and restore the approved state.","Baseline evidence, completed practical artifact, independent verification, safety/restoration record, and short professional report."
159,DAY_159,16,Troubleshooting and Maintenance,Integration and documentation,"Troubleshooting and Maintenance — Integration, Documentation, and Handover",intermediate-to-advanced,8,Beyond LED screens | projectors | video lab | testers | service tools | PPE,"Integrate the four troubleshooting and maintenance skill areas into one reproducible workflow, diagram, checklist, evidence pack, and handover note.","Baseline evidence, completed practical artifact, independent verification, safety/restoration record, and short professional report."
160,DAY_160,16,Troubleshooting and Maintenance,Assessment and presentation,Troubleshooting and Maintenance — Assessment Project,intermediate-to-advanced,8,Beyond LED screens | projectors | video lab | testers | service tools | PPE,"Plan, execute, verify, present, and safely close an assessment project covering the complete troubleshooting and maintenance phase.","Assessment demonstration, reproducible project/equipment package, verification and restoration evidence, safety review, and professional report."
161,DAY_161,17,"Site Planning, Rigging, and Production Management",Orientation and setup,Survey Sightlines And Screen Sizing — Foundations and Vocabulary,intermediate-to-advanced,8,Beyond LED screens | projectors | site plans | PPE | full inventory | production documents,"Explain and demonstrate survey sightlines and screen sizing through an authorized baseline, measurable check, documented failure mode, and independent verification.","Baseline evidence, completed practical artifact, independent verification, safety/restoration record, and short professional report."
162,DAY_162,17,"Site Planning, Rigging, and Production Management",Concept development,Survey Sightlines And Screen Sizing — Applied Baseline Lab,intermediate-to-advanced,8,Beyond LED screens | projectors | site plans | PPE | full inventory | production documents,"Complete a supervised applied lab for survey sightlines and screen sizing, record expected versus observed results, diagnose one controlled fault, and restore the approved state.","Baseline evidence, completed practical artifact, independent verification, safety/restoration record, and short professional report."
163,DAY_163,17,"Site Planning, Rigging, and Production Management",Guided laboratory,Power Signal Rigging And Cable Plans — Architecture and Components,intermediate-to-advanced,8,Beyond LED screens | projectors | site plans | PPE | full inventory | production documents,"Explain and demonstrate power signal rigging and cable plans through an authorized baseline, measurable check, documented failure mode, and independent verification.","Baseline evidence, completed practical artifact, independent verification, safety/restoration record, and short professional report."
164,DAY_164,17,"Site Planning, Rigging, and Production Management",Guided laboratory,Power Signal Rigging And Cable Plans — Configuration Lab,intermediate-to-advanced,8,Beyond LED screens | projectors | site plans | PPE | full inventory | production documents,"Complete a supervised applied lab for power signal rigging and cable plans, record expected versus observed results, diagnose one controlled fault, and restore the approved state.","Baseline evidence, completed practical artifact, independent verification, safety/restoration record, and short professional report."
165,DAY_165,17,"Site Planning, Rigging, and Production Management",Applied practice,Crew Logistics Weather And Public Safety — Design and Technique,intermediate-to-advanced,8,Beyond LED screens | projectors | site plans | PPE | full inventory | production documents,"Explain and demonstrate crew logistics weather and public safety through an authorized baseline, measurable check, documented failure mode, and independent verification.","Baseline evidence, completed practical artifact, independent verification, safety/restoration record, and short professional report."
166,DAY_166,17,"Site Planning, Rigging, and Production Management",Operations and measurement,Crew Logistics Weather And Public Safety — Operations and Measurement,intermediate-to-advanced,8,Beyond LED screens | projectors | site plans | PPE | full inventory | production documents,"Complete a supervised applied lab for crew logistics weather and public safety, record expected versus observed results, diagnose one controlled fault, and restore the approved state.","Baseline evidence, completed practical artifact, independent verification, safety/restoration record, and short professional report."
167,DAY_167,17,"Site Planning, Rigging, and Production Management",Troubleshooting laboratory,Load-In Rehearsal Show Strike And Handover — Troubleshooting and Failure Modes,intermediate-to-advanced,8,Beyond LED screens | projectors | site plans | PPE | full inventory | production documents,"Explain and demonstrate load-in rehearsal show strike and handover through an authorized baseline, measurable check, documented failure mode, and independent verification.","Baseline evidence, completed practical artifact, independent verification, safety/restoration record, and short professional report."
168,DAY_168,17,"Site Planning, Rigging, and Production Management",Safety and quality review,"Load-In Rehearsal Show Strike And Handover — Safety, Quality, and Verification",intermediate-to-advanced,8,Beyond LED screens | projectors | site plans | PPE | full inventory | production documents,"Complete a supervised applied lab for load-in rehearsal show strike and handover, record expected versus observed results, diagnose one controlled fault, and restore the approved state.","Baseline evidence, completed practical artifact, independent verification, safety/restoration record, and short professional report."
169,DAY_169,17,"Site Planning, Rigging, and Production Management",Integration and documentation,"Site Planning, Rigging, and Production Management — Integration, Documentation, and Handover",intermediate-to-advanced,8,Beyond LED screens | projectors | site plans | PPE | full inventory | production documents,"Integrate the four site planning, rigging, and production management skill areas into one reproducible workflow, diagram, checklist, evidence pack, and handover note.","Baseline evidence, completed practical artifact, independent verification, safety/restoration record, and short professional report."
170,DAY_170,17,"Site Planning, Rigging, and Production Management",Assessment and presentation,"Site Planning, Rigging, and Production Management — Assessment Project",intermediate-to-advanced,8,Beyond LED screens | projectors | site plans | PPE | full inventory | production documents,"Plan, execute, verify, present, and safely close an assessment project covering the complete site planning, rigging, and production management phase.","Assessment demonstration, reproducible project/equipment package, verification and restoration evidence, safety review, and professional report."
171,DAY_171,18,Screens and Video Capstone and Career Readiness,Orientation and setup,Capstone Design Risk And Signal Plan — Foundations and Vocabulary,capstone,8,Beyond LED screens | projectors | all assigned video tools | PPE | documentation | presentation tools,"Explain and demonstrate capstone design risk and signal plan through an authorized baseline, measurable check, documented failure mode, and independent verification.","Baseline evidence, completed practical artifact, independent verification, safety/restoration record, and short professional report."
172,DAY_172,18,Screens and Video Capstone and Career Readiness,Concept development,Capstone Design Risk And Signal Plan — Applied Baseline Lab,capstone,8,Beyond LED screens | projectors | all assigned video tools | PPE | documentation | presentation tools,"Complete a supervised applied lab for capstone design risk and signal plan, record expected versus observed results, diagnose one controlled fault, and restore the approved state.","Baseline evidence, completed practical artifact, independent verification, safety/restoration record, and short professional report."
173,DAY_173,18,Screens and Video Capstone and Career Readiness,Guided laboratory,Safe Installation Configuration And Content — Architecture and Components,capstone,8,Beyond LED screens | projectors | all assigned video tools | PPE | documentation | presentation tools,"Explain and demonstrate safe installation configuration and content through an authorized baseline, measurable check, documented failure mode, and independent verification.","Baseline evidence, completed practical artifact, independent verification, safety/restoration record, and short professional report."
174,DAY_174,18,Screens and Video Capstone and Career Readiness,Guided laboratory,Safe Installation Configuration And Content — Configuration Lab,capstone,8,Beyond LED screens | projectors | all assigned video tools | PPE | documentation | presentation tools,"Complete a supervised applied lab for safe installation configuration and content, record expected versus observed results, diagnose one controlled fault, and restore the approved state.","Baseline evidence, completed practical artifact, independent verification, safety/restoration record, and short professional report."
175,DAY_175,18,Screens and Video Capstone and Career Readiness,Applied practice,Show Operation Fault Drill And Recovery — Design and Technique,capstone,8,Beyond LED screens | projectors | all assigned video tools | PPE | documentation | presentation tools,"Explain and demonstrate show operation fault drill and recovery through an authorized baseline, measurable check, documented failure mode, and independent verification.","Baseline evidence, completed practical artifact, independent verification, safety/restoration record, and short professional report."
176,DAY_176,18,Screens and Video Capstone and Career Readiness,Operations and measurement,Show Operation Fault Drill And Recovery — Operations and Measurement,capstone,8,Beyond LED screens | projectors | all assigned video tools | PPE | documentation | presentation tools,"Complete a supervised applied lab for show operation fault drill and recovery, record expected versus observed results, diagnose one controlled fault, and restore the approved state.","Baseline evidence, completed practical artifact, independent verification, safety/restoration record, and short professional report."
177,DAY_177,18,Screens and Video Capstone and Career Readiness,Troubleshooting laboratory,Portfolio Defense Handover And Strike — Troubleshooting and Failure Modes,capstone,8,Beyond LED screens | projectors | all assigned video tools | PPE | documentation | presentation tools,"Explain and demonstrate portfolio defense handover and strike through an authorized baseline, measurable check, documented failure mode, and independent verification.","Baseline evidence, completed practical artifact, independent verification, safety/restoration record, and short professional report."
178,DAY_178,18,Screens and Video Capstone and Career Readiness,Safety and quality review,"Portfolio Defense Handover And Strike — Safety, Quality, and Verification",capstone,8,Beyond LED screens | projectors | all assigned video tools | PPE | documentation | presentation tools,"Complete a supervised applied lab for portfolio defense handover and strike, record expected versus observed results, diagnose one controlled fault, and restore the approved state.","Baseline evidence, completed practical artifact, independent verification, safety/restoration record, and short professional report."
179,DAY_179,18,Screens and Video Capstone and Career Readiness,Integration and documentation,"Screens and Video Capstone and Career Readiness — Integration, Documentation, and Handover",capstone,8,Beyond LED screens | projectors | all assigned video tools | PPE | documentation | presentation tools,"Integrate the four screens and video capstone and career readiness skill areas into one reproducible workflow, diagram, checklist, evidence pack, and handover note.","Baseline evidence, completed practical artifact, independent verification, safety/restoration record, and short professional report."
180,DAY_180,18,Screens and Video Capstone and Career Readiness,Assessment and presentation,Screens and Video Capstone and Career Readiness — Assessment Project,capstone,8,Beyond LED screens | projectors | all assigned video tools | PPE | documentation | presentation tools,"Plan, execute, verify, present, and safely close an assessment project covering the complete screens and video capstone and career readiness phase.","Assessment demonstration, reproducible project/equipment package, verification and restoration evidence, safety review, and professional report."
