day,day_code,phase_number,phase,mode,topic,difficulty,estimated_time_hours,tools,objective,required_submission
1,DAY_001,1,Electrical and Working-at-Height Safety,Orientation and setup,Electrical and Working-at-Height Safety,foundation,8,Beyond fixtures and controllers | free visualizer software | PPE | approved rigging hardware | multimeter where authorized | checklists,"Complete a supervised PPE, electrical, rigging-hardware, working-at-height, and exclusion-zone readiness check before any fixture is energized or suspended.","Baseline evidence, completed practical artifact, independent verification, safety/restoration record, and short professional report."
2,DAY_002,1,Electrical and Working-at-Height Safety,Concept development,Ppe Exclusion Zones And Rescue Awareness — Applied Baseline Lab,foundation,8,Beyond fixtures and controllers | free visualizer software | PPE | approved rigging hardware | multimeter where authorized | checklists,"Complete a supervised applied lab for PPE exclusion zones and rescue awareness, record expected versus observed results, diagnose one controlled fault, and restore the approved state.","Baseline evidence, completed practical artifact, independent verification, safety/restoration record, and short professional report."
3,DAY_003,1,Electrical and Working-at-Height Safety,Guided laboratory,Voltage Current Power And Energy — Architecture and Components,foundation,8,Beyond fixtures and controllers | free visualizer software | PPE | approved rigging hardware | multimeter where authorized | checklists,"Explain and demonstrate voltage current power and energy through an authorized baseline, measurable check, documented failure mode, and independent verification.","Baseline evidence, completed practical artifact, independent verification, safety/restoration record, and short professional report."
4,DAY_004,1,Electrical and Working-at-Height Safety,Guided laboratory,Voltage Current Power And Energy — Configuration Lab,foundation,8,Beyond fixtures and controllers | free visualizer software | PPE | approved rigging hardware | multimeter where authorized | checklists,"Complete a supervised applied lab for voltage current power and energy, record expected versus observed results, diagnose one controlled fault, and restore the approved state.","Baseline evidence, completed practical artifact, independent verification, safety/restoration record, and short professional report."
5,DAY_005,1,Electrical and Working-at-Height Safety,Applied practice,Load Calculations Circuits And Protection — Design and Technique,foundation,8,Beyond fixtures and controllers | free visualizer software | PPE | approved rigging hardware | multimeter where authorized | checklists,"Explain and demonstrate load calculations circuits and protection through an authorized baseline, measurable check, documented failure mode, and independent verification.","Baseline evidence, completed practical artifact, independent verification, safety/restoration record, and short professional report."
6,DAY_006,1,Electrical and Working-at-Height Safety,Operations and measurement,Load Calculations Circuits And Protection — Operations and Measurement,foundation,8,Beyond fixtures and controllers | free visualizer software | PPE | approved rigging hardware | multimeter where authorized | checklists,"Complete a supervised applied lab for load calculations circuits and protection, record expected versus observed results, diagnose one controlled fault, and restore the approved state.","Baseline evidence, completed practical artifact, independent verification, safety/restoration record, and short professional report."
7,DAY_007,1,Electrical and Working-at-Height Safety,Troubleshooting laboratory,Rated Hardware Secondary Safety And Inspection — Troubleshooting and Failure Modes,foundation,8,Beyond fixtures and controllers | free visualizer software | PPE | approved rigging hardware | multimeter where authorized | checklists,"Explain and demonstrate rated hardware secondary safety and inspection through an authorized baseline, measurable check, documented failure mode, and independent verification.","Baseline evidence, completed practical artifact, independent verification, safety/restoration record, and short professional report."
8,DAY_008,1,Electrical and Working-at-Height Safety,Safety and quality review,"Rated Hardware Secondary Safety And Inspection — Safety, Quality, and Verification",foundation,8,Beyond fixtures and controllers | free visualizer software | PPE | approved rigging hardware | multimeter where authorized | checklists,"Complete a supervised applied lab for rated hardware secondary safety and inspection, record expected versus observed results, diagnose one controlled fault, and restore the approved state.","Baseline evidence, completed practical artifact, independent verification, safety/restoration record, and short professional report."
9,DAY_009,1,Electrical and Working-at-Height Safety,Integration and documentation,"Electrical and Working-at-Height Safety — Integration, Documentation, and Handover",foundation,8,Beyond fixtures and controllers | free visualizer software | PPE | approved rigging hardware | multimeter where authorized | checklists,"Integrate the four electrical and working-at-height safety skill areas into one reproducible workflow, diagram, checklist, evidence pack, and handover note.","Baseline evidence, completed practical artifact, independent verification, safety/restoration record, and short professional report."
10,DAY_010,1,Electrical and Working-at-Height Safety,Assessment and presentation,Electrical and Working-at-Height Safety — Assessment Project,foundation,8,Beyond fixtures and controllers | free visualizer software | PPE | approved rigging hardware | multimeter where authorized | checklists,"Plan, execute, verify, present, and safely close an assessment project covering the complete electrical and working-at-height safety phase.","Assessment demonstration, reproducible project/equipment package, verification and restoration evidence, safety review, and professional report."
11,DAY_011,2,Lighting Fundamentals and Photometrics,Orientation and setup,Light Intensity Illuminance And Distance — Foundations and Vocabulary,foundation,8,Beyond fixtures and controllers | free visualizer software | fixtures | lux meter | color tools where available | visualizer,"Explain and demonstrate light intensity illuminance and distance through an authorized baseline, measurable check, documented failure mode, and independent verification.","Baseline evidence, completed practical artifact, independent verification, safety/restoration record, and short professional report."
12,DAY_012,2,Lighting Fundamentals and Photometrics,Concept development,Light Intensity Illuminance And Distance — Applied Baseline Lab,foundation,8,Beyond fixtures and controllers | free visualizer software | fixtures | lux meter | color tools where available | visualizer,"Complete a supervised applied lab for light intensity illuminance and distance, record expected versus observed results, diagnose one controlled fault, and restore the approved state.","Baseline evidence, completed practical artifact, independent verification, safety/restoration record, and short professional report."
13,DAY_013,2,Lighting Fundamentals and Photometrics,Guided laboratory,Color Temperature Cri And Spectrum — Architecture and Components,foundation,8,Beyond fixtures and controllers | free visualizer software | fixtures | lux meter | color tools where available | visualizer,"Explain and demonstrate color temperature CRI and spectrum through an authorized baseline, measurable check, documented failure mode, and independent verification.","Baseline evidence, completed practical artifact, independent verification, safety/restoration record, and short professional report."
14,DAY_014,2,Lighting Fundamentals and Photometrics,Guided laboratory,Color Temperature Cri And Spectrum — Configuration Lab,foundation,8,Beyond fixtures and controllers | free visualizer software | fixtures | lux meter | color tools where available | visualizer,"Complete a supervised applied lab for color temperature CRI and spectrum, record expected versus observed results, diagnose one controlled fault, and restore the approved state.","Baseline evidence, completed practical artifact, independent verification, safety/restoration record, and short professional report."
15,DAY_015,2,Lighting Fundamentals and Photometrics,Applied practice,Beam Field Angle And Distribution — Design and Technique,foundation,8,Beyond fixtures and controllers | free visualizer software | fixtures | lux meter | color tools where available | visualizer,"Explain and demonstrate beam field angle and distribution through an authorized baseline, measurable check, documented failure mode, and independent verification.","Baseline evidence, completed practical artifact, independent verification, safety/restoration record, and short professional report."
16,DAY_016,2,Lighting Fundamentals and Photometrics,Operations and measurement,Beam Field Angle And Distribution — Operations and Measurement,foundation,8,Beyond fixtures and controllers | free visualizer software | fixtures | lux meter | color tools where available | visualizer,"Complete a supervised applied lab for beam field angle and distribution, record expected versus observed results, diagnose one controlled fault, and restore the approved state.","Baseline evidence, completed practical artifact, independent verification, safety/restoration record, and short professional report."
17,DAY_017,2,Lighting Fundamentals and Photometrics,Troubleshooting laboratory,Measurement Documentation And Visual Perception — Troubleshooting and Failure Modes,foundation,8,Beyond fixtures and controllers | free visualizer software | fixtures | lux meter | color tools where available | visualizer,"Explain and demonstrate measurement documentation and visual perception through an authorized baseline, measurable check, documented failure mode, and independent verification.","Baseline evidence, completed practical artifact, independent verification, safety/restoration record, and short professional report."
18,DAY_018,2,Lighting Fundamentals and Photometrics,Safety and quality review,"Measurement Documentation And Visual Perception — Safety, Quality, and Verification",foundation,8,Beyond fixtures and controllers | free visualizer software | fixtures | lux meter | color tools where available | visualizer,"Complete a supervised applied lab for measurement documentation and visual perception, record expected versus observed results, diagnose one controlled fault, and restore the approved state.","Baseline evidence, completed practical artifact, independent verification, safety/restoration record, and short professional report."
19,DAY_019,2,Lighting Fundamentals and Photometrics,Integration and documentation,"Lighting Fundamentals and Photometrics — Integration, Documentation, and Handover",foundation,8,Beyond fixtures and controllers | free visualizer software | fixtures | lux meter | color tools where available | visualizer,"Integrate the four lighting fundamentals and photometrics skill areas into one reproducible workflow, diagram, checklist, evidence pack, and handover note.","Baseline evidence, completed practical artifact, independent verification, safety/restoration record, and short professional report."
20,DAY_020,2,Lighting Fundamentals and Photometrics,Assessment and presentation,Lighting Fundamentals and Photometrics — Assessment Project,foundation,8,Beyond fixtures and controllers | free visualizer software | fixtures | lux meter | color tools where available | visualizer,"Plan, execute, verify, present, and safely close an assessment project covering the complete lighting fundamentals and photometrics phase.","Assessment demonstration, reproducible project/equipment package, verification and restoration evidence, safety review, and professional report."
21,DAY_021,3,Fixtures and Optics,Orientation and setup,Conventional Fresnel Profile And Par — Foundations and Vocabulary,foundation,8,Beyond fixtures and controllers | free visualizer software | Beyond fixtures | optical accessories | PPE | maintenance tools,"Explain and demonstrate conventional Fresnel profile and PAR through an authorized baseline, measurable check, documented failure mode, and independent verification.","Baseline evidence, completed practical artifact, independent verification, safety/restoration record, and short professional report."
22,DAY_022,3,Fixtures and Optics,Concept development,Conventional Fresnel Profile And Par — Applied Baseline Lab,foundation,8,Beyond fixtures and controllers | free visualizer software | Beyond fixtures | optical accessories | PPE | maintenance tools,"Complete a supervised applied lab for conventional Fresnel profile and PAR, record expected versus observed results, diagnose one controlled fault, and restore the approved state.","Baseline evidence, completed practical artifact, independent verification, safety/restoration record, and short professional report."
23,DAY_023,3,Fixtures and Optics,Guided laboratory,Led Wash Spot Beam And Hybrid Fixtures — Architecture and Components,foundation,8,Beyond fixtures and controllers | free visualizer software | Beyond fixtures | optical accessories | PPE | maintenance tools,"Explain and demonstrate LED wash spot beam and hybrid fixtures through an authorized baseline, measurable check, documented failure mode, and independent verification.","Baseline evidence, completed practical artifact, independent verification, safety/restoration record, and short professional report."
24,DAY_024,3,Fixtures and Optics,Guided laboratory,Led Wash Spot Beam And Hybrid Fixtures — Configuration Lab,foundation,8,Beyond fixtures and controllers | free visualizer software | Beyond fixtures | optical accessories | PPE | maintenance tools,"Complete a supervised applied lab for LED wash spot beam and hybrid fixtures, record expected versus observed results, diagnose one controlled fault, and restore the approved state.","Baseline evidence, completed practical artifact, independent verification, safety/restoration record, and short professional report."
25,DAY_025,3,Fixtures and Optics,Applied practice,Lenses Shutters Gobos And Diffusion — Design and Technique,foundation,8,Beyond fixtures and controllers | free visualizer software | Beyond fixtures | optical accessories | PPE | maintenance tools,"Explain and demonstrate lenses shutters gobos and diffusion through an authorized baseline, measurable check, documented failure mode, and independent verification.","Baseline evidence, completed practical artifact, independent verification, safety/restoration record, and short professional report."
26,DAY_026,3,Fixtures and Optics,Operations and measurement,Lenses Shutters Gobos And Diffusion — Operations and Measurement,foundation,8,Beyond fixtures and controllers | free visualizer software | Beyond fixtures | optical accessories | PPE | maintenance tools,"Complete a supervised applied lab for lenses shutters gobos and diffusion, record expected versus observed results, diagnose one controlled fault, and restore the approved state.","Baseline evidence, completed practical artifact, independent verification, safety/restoration record, and short professional report."
27,DAY_027,3,Fixtures and Optics,Troubleshooting laboratory,Fixture Inspection Cooling And Safe Handling — Troubleshooting and Failure Modes,foundation,8,Beyond fixtures and controllers | free visualizer software | Beyond fixtures | optical accessories | PPE | maintenance tools,"Explain and demonstrate fixture inspection cooling and safe handling through an authorized baseline, measurable check, documented failure mode, and independent verification.","Baseline evidence, completed practical artifact, independent verification, safety/restoration record, and short professional report."
28,DAY_028,3,Fixtures and Optics,Safety and quality review,"Fixture Inspection Cooling And Safe Handling — Safety, Quality, and Verification",foundation,8,Beyond fixtures and controllers | free visualizer software | Beyond fixtures | optical accessories | PPE | maintenance tools,"Complete a supervised applied lab for fixture inspection cooling and safe handling, record expected versus observed results, diagnose one controlled fault, and restore the approved state.","Baseline evidence, completed practical artifact, independent verification, safety/restoration record, and short professional report."
29,DAY_029,3,Fixtures and Optics,Integration and documentation,"Fixtures and Optics — Integration, Documentation, and Handover",foundation,8,Beyond fixtures and controllers | free visualizer software | Beyond fixtures | optical accessories | PPE | maintenance tools,"Integrate the four fixtures and optics skill areas into one reproducible workflow, diagram, checklist, evidence pack, and handover note.","Baseline evidence, completed practical artifact, independent verification, safety/restoration record, and short professional report."
30,DAY_030,3,Fixtures and Optics,Assessment and presentation,Fixtures and Optics — Assessment Project,foundation,8,Beyond fixtures and controllers | free visualizer software | Beyond fixtures | optical accessories | PPE | maintenance tools,"Plan, execute, verify, present, and safely close an assessment project covering the complete fixtures and optics phase.","Assessment demonstration, reproducible project/equipment package, verification and restoration evidence, safety review, and professional report."
31,DAY_031,4,Power Distribution,Orientation and setup,Single And Three-Phase Concepts — Foundations and Vocabulary,foundation-to-intermediate,8,Beyond fixtures and controllers | free visualizer software | approved distribution gear | clamp/multimeter where authorized | cables | PPE,"Explain and demonstrate single and three-phase concepts through an authorized baseline, measurable check, documented failure mode, and independent verification.","Baseline evidence, completed practical artifact, independent verification, safety/restoration record, and short professional report."
32,DAY_032,4,Power Distribution,Concept development,Single And Three-Phase Concepts — Applied Baseline Lab,foundation-to-intermediate,8,Beyond fixtures and controllers | free visualizer software | approved distribution gear | clamp/multimeter where authorized | cables | PPE,"Complete a supervised applied lab for single and three-phase concepts, record expected versus observed results, diagnose one controlled fault, and restore the approved state.","Baseline evidence, completed practical artifact, independent verification, safety/restoration record, and short professional report."
33,DAY_033,4,Power Distribution,Guided laboratory,Connectors Cables And Current Capacity — Architecture and Components,foundation-to-intermediate,8,Beyond fixtures and controllers | free visualizer software | approved distribution gear | clamp/multimeter where authorized | cables | PPE,"Explain and demonstrate connectors cables and current capacity through an authorized baseline, measurable check, documented failure mode, and independent verification.","Baseline evidence, completed practical artifact, independent verification, safety/restoration record, and short professional report."
34,DAY_034,4,Power Distribution,Guided laboratory,Connectors Cables And Current Capacity — Configuration Lab,foundation-to-intermediate,8,Beyond fixtures and controllers | free visualizer software | approved distribution gear | clamp/multimeter where authorized | cables | PPE,"Complete a supervised applied lab for connectors cables and current capacity, record expected versus observed results, diagnose one controlled fault, and restore the approved state.","Baseline evidence, completed practical artifact, independent verification, safety/restoration record, and short professional report."
35,DAY_035,4,Power Distribution,Applied practice,Dimmers Relays And Constant Power — Design and Technique,foundation-to-intermediate,8,Beyond fixtures and controllers | free visualizer software | approved distribution gear | clamp/multimeter where authorized | cables | PPE,"Explain and demonstrate dimmers relays and constant power through an authorized baseline, measurable check, documented failure mode, and independent verification.","Baseline evidence, completed practical artifact, independent verification, safety/restoration record, and short professional report."
36,DAY_036,4,Power Distribution,Operations and measurement,Dimmers Relays And Constant Power — Operations and Measurement,foundation-to-intermediate,8,Beyond fixtures and controllers | free visualizer software | approved distribution gear | clamp/multimeter where authorized | cables | PPE,"Complete a supervised applied lab for dimmers relays and constant power, record expected versus observed results, diagnose one controlled fault, and restore the approved state.","Baseline evidence, completed practical artifact, independent verification, safety/restoration record, and short professional report."
37,DAY_037,4,Power Distribution,Troubleshooting laboratory,Distribution Planning Metering And Fault Protection — Troubleshooting and Failure Modes,foundation-to-intermediate,8,Beyond fixtures and controllers | free visualizer software | approved distribution gear | clamp/multimeter where authorized | cables | PPE,"Explain and demonstrate distribution planning metering and fault protection through an authorized baseline, measurable check, documented failure mode, and independent verification.","Baseline evidence, completed practical artifact, independent verification, safety/restoration record, and short professional report."
38,DAY_038,4,Power Distribution,Safety and quality review,"Distribution Planning Metering And Fault Protection — Safety, Quality, and Verification",foundation-to-intermediate,8,Beyond fixtures and controllers | free visualizer software | approved distribution gear | clamp/multimeter where authorized | cables | PPE,"Complete a supervised applied lab for distribution planning metering and fault protection, record expected versus observed results, diagnose one controlled fault, and restore the approved state.","Baseline evidence, completed practical artifact, independent verification, safety/restoration record, and short professional report."
39,DAY_039,4,Power Distribution,Integration and documentation,"Power Distribution — Integration, Documentation, and Handover",foundation-to-intermediate,8,Beyond fixtures and controllers | free visualizer software | approved distribution gear | clamp/multimeter where authorized | cables | PPE,"Integrate the four power distribution skill areas into one reproducible workflow, diagram, checklist, evidence pack, and handover note.","Baseline evidence, completed practical artifact, independent verification, safety/restoration record, and short professional report."
40,DAY_040,4,Power Distribution,Assessment and presentation,Power Distribution — Assessment Project,foundation-to-intermediate,8,Beyond fixtures and controllers | free visualizer software | approved distribution gear | clamp/multimeter where authorized | cables | PPE,"Plan, execute, verify, present, and safely close an assessment project covering the complete power distribution phase.","Assessment demonstration, reproducible project/equipment package, verification and restoration evidence, safety review, and professional report."
41,DAY_041,5,DMX and Control Fundamentals,Orientation and setup,Dmx512 Addressing And Universes — Foundations and Vocabulary,foundation-to-intermediate,8,Beyond fixtures and controllers | free visualizer software | lighting console | DMX fixtures | tester where available | visualizer,"Explain and demonstrate DMX512 addressing and universes through an authorized baseline, measurable check, documented failure mode, and independent verification.","Baseline evidence, completed practical artifact, independent verification, safety/restoration record, and short professional report."
42,DAY_042,5,DMX and Control Fundamentals,Concept development,Dmx512 Addressing And Universes — Applied Baseline Lab,foundation-to-intermediate,8,Beyond fixtures and controllers | free visualizer software | lighting console | DMX fixtures | tester where available | visualizer,"Complete a supervised applied lab for DMX512 addressing and universes, record expected versus observed results, diagnose one controlled fault, and restore the approved state.","Baseline evidence, completed practical artifact, independent verification, safety/restoration record, and short professional report."
43,DAY_043,5,DMX and Control Fundamentals,Guided laboratory,Fixtures Modes Channels And Personalities — Architecture and Components,foundation-to-intermediate,8,Beyond fixtures and controllers | free visualizer software | lighting console | DMX fixtures | tester where available | visualizer,"Explain and demonstrate fixtures modes channels and personalities through an authorized baseline, measurable check, documented failure mode, and independent verification.","Baseline evidence, completed practical artifact, independent verification, safety/restoration record, and short professional report."
44,DAY_044,5,DMX and Control Fundamentals,Guided laboratory,Fixtures Modes Channels And Personalities — Configuration Lab,foundation-to-intermediate,8,Beyond fixtures and controllers | free visualizer software | lighting console | DMX fixtures | tester where available | visualizer,"Complete a supervised applied lab for fixtures modes channels and personalities, record expected versus observed results, diagnose one controlled fault, and restore the approved state.","Baseline evidence, completed practical artifact, independent verification, safety/restoration record, and short professional report."
45,DAY_045,5,DMX and Control Fundamentals,Applied practice,Daisy Chains Termination And Splitters — Design and Technique,foundation-to-intermediate,8,Beyond fixtures and controllers | free visualizer software | lighting console | DMX fixtures | tester where available | visualizer,"Explain and demonstrate daisy chains termination and splitters through an authorized baseline, measurable check, documented failure mode, and independent verification.","Baseline evidence, completed practical artifact, independent verification, safety/restoration record, and short professional report."
46,DAY_046,5,DMX and Control Fundamentals,Operations and measurement,Daisy Chains Termination And Splitters — Operations and Measurement,foundation-to-intermediate,8,Beyond fixtures and controllers | free visualizer software | lighting console | DMX fixtures | tester where available | visualizer,"Complete a supervised applied lab for daisy chains termination and splitters, record expected versus observed results, diagnose one controlled fault, and restore the approved state.","Baseline evidence, completed practical artifact, independent verification, safety/restoration record, and short professional report."
47,DAY_047,5,DMX and Control Fundamentals,Troubleshooting laboratory,Fault Isolation And Documentation — Troubleshooting and Failure Modes,foundation-to-intermediate,8,Beyond fixtures and controllers | free visualizer software | lighting console | DMX fixtures | tester where available | visualizer,"Explain and demonstrate fault isolation and documentation through an authorized baseline, measurable check, documented failure mode, and independent verification.","Baseline evidence, completed practical artifact, independent verification, safety/restoration record, and short professional report."
48,DAY_048,5,DMX and Control Fundamentals,Safety and quality review,"Fault Isolation And Documentation — Safety, Quality, and Verification",foundation-to-intermediate,8,Beyond fixtures and controllers | free visualizer software | lighting console | DMX fixtures | tester where available | visualizer,"Complete a supervised applied lab for fault isolation and documentation, record expected versus observed results, diagnose one controlled fault, and restore the approved state.","Baseline evidence, completed practical artifact, independent verification, safety/restoration record, and short professional report."
49,DAY_049,5,DMX and Control Fundamentals,Integration and documentation,"DMX and Control Fundamentals — Integration, Documentation, and Handover",foundation-to-intermediate,8,Beyond fixtures and controllers | free visualizer software | lighting console | DMX fixtures | tester where available | visualizer,"Integrate the four dmx and control fundamentals skill areas into one reproducible workflow, diagram, checklist, evidence pack, and handover note.","Baseline evidence, completed practical artifact, independent verification, safety/restoration record, and short professional report."
50,DAY_050,5,DMX and Control Fundamentals,Assessment and presentation,DMX and Control Fundamentals — Assessment Project,foundation-to-intermediate,8,Beyond fixtures and controllers | free visualizer software | lighting console | DMX fixtures | tester where available | visualizer,"Plan, execute, verify, present, and safely close an assessment project covering the complete dmx and control fundamentals phase.","Assessment demonstration, reproducible project/equipment package, verification and restoration evidence, safety review, and professional report."
51,DAY_051,6,Lighting Consoles and Programming,Orientation and setup,Patch Groups And Palettes — Foundations and Vocabulary,foundation-to-intermediate,8,Beyond fixtures and controllers | free visualizer software | Beyond console | visualizer | fixtures | documentation,"Explain and demonstrate patch groups and palettes through an authorized baseline, measurable check, documented failure mode, and independent verification.","Baseline evidence, completed practical artifact, independent verification, safety/restoration record, and short professional report."
52,DAY_052,6,Lighting Consoles and Programming,Concept development,Patch Groups And Palettes — Applied Baseline Lab,foundation-to-intermediate,8,Beyond fixtures and controllers | free visualizer software | Beyond console | visualizer | fixtures | documentation,"Complete a supervised applied lab for patch groups and palettes, record expected versus observed results, diagnose one controlled fault, and restore the approved state.","Baseline evidence, completed practical artifact, independent verification, safety/restoration record, and short professional report."
53,DAY_053,6,Lighting Consoles and Programming,Guided laboratory,Intensity Position Color And Beam — Architecture and Components,foundation-to-intermediate,8,Beyond fixtures and controllers | free visualizer software | Beyond console | visualizer | fixtures | documentation,"Explain and demonstrate intensity position color and beam through an authorized baseline, measurable check, documented failure mode, and independent verification.","Baseline evidence, completed practical artifact, independent verification, safety/restoration record, and short professional report."
54,DAY_054,6,Lighting Consoles and Programming,Guided laboratory,Intensity Position Color And Beam — Configuration Lab,foundation-to-intermediate,8,Beyond fixtures and controllers | free visualizer software | Beyond console | visualizer | fixtures | documentation,"Complete a supervised applied lab for intensity position color and beam, record expected versus observed results, diagnose one controlled fault, and restore the approved state.","Baseline evidence, completed practical artifact, independent verification, safety/restoration record, and short professional report."
55,DAY_055,6,Lighting Consoles and Programming,Applied practice,Cues Sequences Chases And Effects — Design and Technique,foundation-to-intermediate,8,Beyond fixtures and controllers | free visualizer software | Beyond console | visualizer | fixtures | documentation,"Explain and demonstrate cues sequences chases and effects through an authorized baseline, measurable check, documented failure mode, and independent verification.","Baseline evidence, completed practical artifact, independent verification, safety/restoration record, and short professional report."
56,DAY_056,6,Lighting Consoles and Programming,Operations and measurement,Cues Sequences Chases And Effects — Operations and Measurement,foundation-to-intermediate,8,Beyond fixtures and controllers | free visualizer software | Beyond console | visualizer | fixtures | documentation,"Complete a supervised applied lab for cues sequences chases and effects, record expected versus observed results, diagnose one controlled fault, and restore the approved state.","Baseline evidence, completed practical artifact, independent verification, safety/restoration record, and short professional report."
57,DAY_057,6,Lighting Consoles and Programming,Troubleshooting laboratory,Show Files Versions And Backups — Troubleshooting and Failure Modes,foundation-to-intermediate,8,Beyond fixtures and controllers | free visualizer software | Beyond console | visualizer | fixtures | documentation,"Explain and demonstrate show files versions and backups through an authorized baseline, measurable check, documented failure mode, and independent verification.","Baseline evidence, completed practical artifact, independent verification, safety/restoration record, and short professional report."
58,DAY_058,6,Lighting Consoles and Programming,Safety and quality review,"Show Files Versions And Backups — Safety, Quality, and Verification",foundation-to-intermediate,8,Beyond fixtures and controllers | free visualizer software | Beyond console | visualizer | fixtures | documentation,"Complete a supervised applied lab for show files versions and backups, record expected versus observed results, diagnose one controlled fault, and restore the approved state.","Baseline evidence, completed practical artifact, independent verification, safety/restoration record, and short professional report."
59,DAY_059,6,Lighting Consoles and Programming,Integration and documentation,"Lighting Consoles and Programming — Integration, Documentation, and Handover",foundation-to-intermediate,8,Beyond fixtures and controllers | free visualizer software | Beyond console | visualizer | fixtures | documentation,"Integrate the four lighting consoles and programming skill areas into one reproducible workflow, diagram, checklist, evidence pack, and handover note.","Baseline evidence, completed practical artifact, independent verification, safety/restoration record, and short professional report."
60,DAY_060,6,Lighting Consoles and Programming,Assessment and presentation,Lighting Consoles and Programming — Assessment Project,foundation-to-intermediate,8,Beyond fixtures and controllers | free visualizer software | Beyond console | visualizer | fixtures | documentation,"Plan, execute, verify, present, and safely close an assessment project covering the complete lighting consoles and programming phase.","Assessment demonstration, reproducible project/equipment package, verification and restoration evidence, safety review, and professional report."
61,DAY_061,7,Rigging and Fixture Hanging,Orientation and setup,Load Paths Ratings And Inspection — Foundations and Vocabulary,foundation-to-intermediate,8,Beyond fixtures and controllers | free visualizer software | approved lifts/stands | rated hardware | PPE | fixtures,"Explain and demonstrate load paths ratings and inspection through an authorized baseline, measurable check, documented failure mode, and independent verification.","Baseline evidence, completed practical artifact, independent verification, safety/restoration record, and short professional report."
62,DAY_062,7,Rigging and Fixture Hanging,Concept development,Load Paths Ratings And Inspection — Applied Baseline Lab,foundation-to-intermediate,8,Beyond fixtures and controllers | free visualizer software | approved lifts/stands | rated hardware | PPE | fixtures,"Complete a supervised applied lab for load paths ratings and inspection, record expected versus observed results, diagnose one controlled fault, and restore the approved state.","Baseline evidence, completed practical artifact, independent verification, safety/restoration record, and short professional report."
63,DAY_063,7,Rigging and Fixture Hanging,Guided laboratory,Clamps Bolts Safety Bonds And Orientation — Architecture and Components,foundation-to-intermediate,8,Beyond fixtures and controllers | free visualizer software | approved lifts/stands | rated hardware | PPE | fixtures,"Explain and demonstrate clamps bolts safety bonds and orientation through an authorized baseline, measurable check, documented failure mode, and independent verification.","Baseline evidence, completed practical artifact, independent verification, safety/restoration record, and short professional report."
64,DAY_064,7,Rigging and Fixture Hanging,Guided laboratory,Clamps Bolts Safety Bonds And Orientation — Configuration Lab,foundation-to-intermediate,8,Beyond fixtures and controllers | free visualizer software | approved lifts/stands | rated hardware | PPE | fixtures,"Complete a supervised applied lab for clamps bolts safety bonds and orientation, record expected versus observed results, diagnose one controlled fault, and restore the approved state.","Baseline evidence, completed practical artifact, independent verification, safety/restoration record, and short professional report."
65,DAY_065,7,Rigging and Fixture Hanging,Applied practice,Ladders Lifts And Supervised Access — Design and Technique,foundation-to-intermediate,8,Beyond fixtures and controllers | free visualizer software | approved lifts/stands | rated hardware | PPE | fixtures,"Explain and demonstrate ladders lifts and supervised access through an authorized baseline, measurable check, documented failure mode, and independent verification.","Baseline evidence, completed practical artifact, independent verification, safety/restoration record, and short professional report."
66,DAY_066,7,Rigging and Fixture Hanging,Operations and measurement,Ladders Lifts And Supervised Access — Operations and Measurement,foundation-to-intermediate,8,Beyond fixtures and controllers | free visualizer software | approved lifts/stands | rated hardware | PPE | fixtures,"Complete a supervised applied lab for ladders lifts and supervised access, record expected versus observed results, diagnose one controlled fault, and restore the approved state.","Baseline evidence, completed practical artifact, independent verification, safety/restoration record, and short professional report."
67,DAY_067,7,Rigging and Fixture Hanging,Troubleshooting laboratory,Focus Access Exclusion And Sign-Off — Troubleshooting and Failure Modes,foundation-to-intermediate,8,Beyond fixtures and controllers | free visualizer software | approved lifts/stands | rated hardware | PPE | fixtures,"Explain and demonstrate focus access exclusion and sign-off through an authorized baseline, measurable check, documented failure mode, and independent verification.","Baseline evidence, completed practical artifact, independent verification, safety/restoration record, and short professional report."
68,DAY_068,7,Rigging and Fixture Hanging,Safety and quality review,"Focus Access Exclusion And Sign-Off — Safety, Quality, and Verification",foundation-to-intermediate,8,Beyond fixtures and controllers | free visualizer software | approved lifts/stands | rated hardware | PPE | fixtures,"Complete a supervised applied lab for focus access exclusion and sign-off, record expected versus observed results, diagnose one controlled fault, and restore the approved state.","Baseline evidence, completed practical artifact, independent verification, safety/restoration record, and short professional report."
69,DAY_069,7,Rigging and Fixture Hanging,Integration and documentation,"Rigging and Fixture Hanging — Integration, Documentation, and Handover",foundation-to-intermediate,8,Beyond fixtures and controllers | free visualizer software | approved lifts/stands | rated hardware | PPE | fixtures,"Integrate the four rigging and fixture hanging skill areas into one reproducible workflow, diagram, checklist, evidence pack, and handover note.","Baseline evidence, completed practical artifact, independent verification, safety/restoration record, and short professional report."
70,DAY_070,7,Rigging and Fixture Hanging,Assessment and presentation,Rigging and Fixture Hanging — Assessment Project,foundation-to-intermediate,8,Beyond fixtures and controllers | free visualizer software | approved lifts/stands | rated hardware | PPE | fixtures,"Plan, execute, verify, present, and safely close an assessment project covering the complete rigging and fixture hanging phase.","Assessment demonstration, reproducible project/equipment package, verification and restoration evidence, safety review, and professional report."
71,DAY_071,8,Focus and Stage Lighting,Orientation and setup,Front Side Back And Top Light — Foundations and Vocabulary,foundation-to-intermediate,8,Beyond fixtures and controllers | free visualizer software | fixtures | console | stage plan | PPE,"Explain and demonstrate front side back and top light through an authorized baseline, measurable check, documented failure mode, and independent verification.","Baseline evidence, completed practical artifact, independent verification, safety/restoration record, and short professional report."
72,DAY_072,8,Focus and Stage Lighting,Concept development,Front Side Back And Top Light — Applied Baseline Lab,foundation-to-intermediate,8,Beyond fixtures and controllers | free visualizer software | fixtures | console | stage plan | PPE,"Complete a supervised applied lab for front side back and top light, record expected versus observed results, diagnose one controlled fault, and restore the approved state.","Baseline evidence, completed practical artifact, independent verification, safety/restoration record, and short professional report."
73,DAY_073,8,Focus and Stage Lighting,Guided laboratory,Key Fill Contrast And Modeling — Architecture and Components,foundation-to-intermediate,8,Beyond fixtures and controllers | free visualizer software | fixtures | console | stage plan | PPE,"Explain and demonstrate key fill contrast and modeling through an authorized baseline, measurable check, documented failure mode, and independent verification.","Baseline evidence, completed practical artifact, independent verification, safety/restoration record, and short professional report."
74,DAY_074,8,Focus and Stage Lighting,Guided laboratory,Key Fill Contrast And Modeling — Configuration Lab,foundation-to-intermediate,8,Beyond fixtures and controllers | free visualizer software | fixtures | console | stage plan | PPE,"Complete a supervised applied lab for key fill contrast and modeling, record expected versus observed results, diagnose one controlled fault, and restore the approved state.","Baseline evidence, completed practical artifact, independent verification, safety/restoration record, and short professional report."
75,DAY_075,8,Focus and Stage Lighting,Applied practice,Zones Specials And Shutter Cuts — Design and Technique,foundation-to-intermediate,8,Beyond fixtures and controllers | free visualizer software | fixtures | console | stage plan | PPE,"Explain and demonstrate zones specials and shutter cuts through an authorized baseline, measurable check, documented failure mode, and independent verification.","Baseline evidence, completed practical artifact, independent verification, safety/restoration record, and short professional report."
76,DAY_076,8,Focus and Stage Lighting,Operations and measurement,Zones Specials And Shutter Cuts — Operations and Measurement,foundation-to-intermediate,8,Beyond fixtures and controllers | free visualizer software | fixtures | console | stage plan | PPE,"Complete a supervised applied lab for zones specials and shutter cuts, record expected versus observed results, diagnose one controlled fault, and restore the approved state.","Baseline evidence, completed practical artifact, independent verification, safety/restoration record, and short professional report."
77,DAY_077,8,Focus and Stage Lighting,Troubleshooting laboratory,Focus Notes Repeatability And Glare Control — Troubleshooting and Failure Modes,foundation-to-intermediate,8,Beyond fixtures and controllers | free visualizer software | fixtures | console | stage plan | PPE,"Explain and demonstrate focus notes repeatability and glare control through an authorized baseline, measurable check, documented failure mode, and independent verification.","Baseline evidence, completed practical artifact, independent verification, safety/restoration record, and short professional report."
78,DAY_078,8,Focus and Stage Lighting,Safety and quality review,"Focus Notes Repeatability And Glare Control — Safety, Quality, and Verification",foundation-to-intermediate,8,Beyond fixtures and controllers | free visualizer software | fixtures | console | stage plan | PPE,"Complete a supervised applied lab for focus notes repeatability and glare control, record expected versus observed results, diagnose one controlled fault, and restore the approved state.","Baseline evidence, completed practical artifact, independent verification, safety/restoration record, and short professional report."
79,DAY_079,8,Focus and Stage Lighting,Integration and documentation,"Focus and Stage Lighting — Integration, Documentation, and Handover",foundation-to-intermediate,8,Beyond fixtures and controllers | free visualizer software | fixtures | console | stage plan | PPE,"Integrate the four focus and stage lighting skill areas into one reproducible workflow, diagram, checklist, evidence pack, and handover note.","Baseline evidence, completed practical artifact, independent verification, safety/restoration record, and short professional report."
80,DAY_080,8,Focus and Stage Lighting,Assessment and presentation,Focus and Stage Lighting — Assessment Project,foundation-to-intermediate,8,Beyond fixtures and controllers | free visualizer software | fixtures | console | stage plan | PPE,"Plan, execute, verify, present, and safely close an assessment project covering the complete focus and stage lighting phase.","Assessment demonstration, reproducible project/equipment package, verification and restoration evidence, safety review, and professional report."
81,DAY_081,9,Color and Creative Design,Orientation and setup,Additive Color And Led Mixing — Foundations and Vocabulary,intermediate,8,Beyond fixtures and controllers | free visualizer software | color-mixing fixtures | gels | visualizer | camera/color meter where available,"Explain and demonstrate additive color and LED mixing through an authorized baseline, measurable check, documented failure mode, and independent verification.","Baseline evidence, completed practical artifact, independent verification, safety/restoration record, and short professional report."
82,DAY_082,9,Color and Creative Design,Concept development,Additive Color And Led Mixing — Applied Baseline Lab,intermediate,8,Beyond fixtures and controllers | free visualizer software | color-mixing fixtures | gels | visualizer | camera/color meter where available,"Complete a supervised applied lab for additive color and LED mixing, record expected versus observed results, diagnose one controlled fault, and restore the approved state.","Baseline evidence, completed practical artifact, independent verification, safety/restoration record, and short professional report."
83,DAY_083,9,Color and Creative Design,Guided laboratory,Gels Filters And White Balance — Architecture and Components,intermediate,8,Beyond fixtures and controllers | free visualizer software | color-mixing fixtures | gels | visualizer | camera/color meter where available,"Explain and demonstrate gels filters and white balance through an authorized baseline, measurable check, documented failure mode, and independent verification.","Baseline evidence, completed practical artifact, independent verification, safety/restoration record, and short professional report."
84,DAY_084,9,Color and Creative Design,Guided laboratory,Gels Filters And White Balance — Configuration Lab,intermediate,8,Beyond fixtures and controllers | free visualizer software | color-mixing fixtures | gels | visualizer | camera/color meter where available,"Complete a supervised applied lab for gels filters and white balance, record expected versus observed results, diagnose one controlled fault, and restore the approved state.","Baseline evidence, completed practical artifact, independent verification, safety/restoration record, and short professional report."
85,DAY_085,9,Color and Creative Design,Applied practice,Mood Palette And Visual Hierarchy — Design and Technique,intermediate,8,Beyond fixtures and controllers | free visualizer software | color-mixing fixtures | gels | visualizer | camera/color meter where available,"Explain and demonstrate mood palette and visual hierarchy through an authorized baseline, measurable check, documented failure mode, and independent verification.","Baseline evidence, completed practical artifact, independent verification, safety/restoration record, and short professional report."
86,DAY_086,9,Color and Creative Design,Operations and measurement,Mood Palette And Visual Hierarchy — Operations and Measurement,intermediate,8,Beyond fixtures and controllers | free visualizer software | color-mixing fixtures | gels | visualizer | camera/color meter where available,"Complete a supervised applied lab for mood palette and visual hierarchy, record expected versus observed results, diagnose one controlled fault, and restore the approved state.","Baseline evidence, completed practical artifact, independent verification, safety/restoration record, and short professional report."
87,DAY_087,9,Color and Creative Design,Troubleshooting laboratory,Skin Tone Scenery Camera And Accessibility — Troubleshooting and Failure Modes,intermediate,8,Beyond fixtures and controllers | free visualizer software | color-mixing fixtures | gels | visualizer | camera/color meter where available,"Explain and demonstrate skin tone scenery camera and accessibility through an authorized baseline, measurable check, documented failure mode, and independent verification.","Baseline evidence, completed practical artifact, independent verification, safety/restoration record, and short professional report."
88,DAY_088,9,Color and Creative Design,Safety and quality review,"Skin Tone Scenery Camera And Accessibility — Safety, Quality, and Verification",intermediate,8,Beyond fixtures and controllers | free visualizer software | color-mixing fixtures | gels | visualizer | camera/color meter where available,"Complete a supervised applied lab for skin tone scenery camera and accessibility, record expected versus observed results, diagnose one controlled fault, and restore the approved state.","Baseline evidence, completed practical artifact, independent verification, safety/restoration record, and short professional report."
89,DAY_089,9,Color and Creative Design,Integration and documentation,"Color and Creative Design — Integration, Documentation, and Handover",intermediate,8,Beyond fixtures and controllers | free visualizer software | color-mixing fixtures | gels | visualizer | camera/color meter where available,"Integrate the four color and creative design skill areas into one reproducible workflow, diagram, checklist, evidence pack, and handover note.","Baseline evidence, completed practical artifact, independent verification, safety/restoration record, and short professional report."
90,DAY_090,9,Color and Creative Design,Assessment and presentation,Color and Creative Design — Assessment Project,intermediate,8,Beyond fixtures and controllers | free visualizer software | color-mixing fixtures | gels | visualizer | camera/color meter where available,"Plan, execute, verify, present, and safely close an assessment project covering the complete color and creative design phase.","Assessment demonstration, reproducible project/equipment package, verification and restoration evidence, safety review, and professional report."
91,DAY_091,10,Networked Lighting,Orientation and setup,Art-Net Sacn And Lighting Networks — Foundations and Vocabulary,intermediate,8,Beyond fixtures and controllers | free visualizer software | lighting nodes | managed switch lab | console | packet tools,"Explain and demonstrate Art-Net sACN and lighting networks through an authorized baseline, measurable check, documented failure mode, and independent verification.","Baseline evidence, completed practical artifact, independent verification, safety/restoration record, and short professional report."
92,DAY_092,10,Networked Lighting,Concept development,Art-Net Sacn And Lighting Networks — Applied Baseline Lab,intermediate,8,Beyond fixtures and controllers | free visualizer software | lighting nodes | managed switch lab | console | packet tools,"Complete a supervised applied lab for Art-Net sACN and lighting networks, record expected versus observed results, diagnose one controlled fault, and restore the approved state.","Baseline evidence, completed practical artifact, independent verification, safety/restoration record, and short professional report."
93,DAY_093,10,Networked Lighting,Guided laboratory,Ip Addressing Switches And Vlan Concepts — Architecture and Components,intermediate,8,Beyond fixtures and controllers | free visualizer software | lighting nodes | managed switch lab | console | packet tools,"Explain and demonstrate IP addressing switches and VLAN concepts through an authorized baseline, measurable check, documented failure mode, and independent verification.","Baseline evidence, completed practical artifact, independent verification, safety/restoration record, and short professional report."
94,DAY_094,10,Networked Lighting,Guided laboratory,Ip Addressing Switches And Vlan Concepts — Configuration Lab,intermediate,8,Beyond fixtures and controllers | free visualizer software | lighting nodes | managed switch lab | console | packet tools,"Complete a supervised applied lab for IP addressing switches and VLAN concepts, record expected versus observed results, diagnose one controlled fault, and restore the approved state.","Baseline evidence, completed practical artifact, independent verification, safety/restoration record, and short professional report."
95,DAY_095,10,Networked Lighting,Applied practice,Nodes Gateways Redundancy And Qos — Design and Technique,intermediate,8,Beyond fixtures and controllers | free visualizer software | lighting nodes | managed switch lab | console | packet tools,"Explain and demonstrate nodes gateways redundancy and QoS through an authorized baseline, measurable check, documented failure mode, and independent verification.","Baseline evidence, completed practical artifact, independent verification, safety/restoration record, and short professional report."
96,DAY_096,10,Networked Lighting,Operations and measurement,Nodes Gateways Redundancy And Qos — Operations and Measurement,intermediate,8,Beyond fixtures and controllers | free visualizer software | lighting nodes | managed switch lab | console | packet tools,"Complete a supervised applied lab for nodes gateways redundancy and QoS, record expected versus observed results, diagnose one controlled fault, and restore the approved state.","Baseline evidence, completed practical artifact, independent verification, safety/restoration record, and short professional report."
97,DAY_097,10,Networked Lighting,Troubleshooting laboratory,Network Security Monitoring And Troubleshooting — Troubleshooting and Failure Modes,intermediate,8,Beyond fixtures and controllers | free visualizer software | lighting nodes | managed switch lab | console | packet tools,"Explain and demonstrate network security monitoring and troubleshooting through an authorized baseline, measurable check, documented failure mode, and independent verification.","Baseline evidence, completed practical artifact, independent verification, safety/restoration record, and short professional report."
98,DAY_098,10,Networked Lighting,Safety and quality review,"Network Security Monitoring And Troubleshooting — Safety, Quality, and Verification",intermediate,8,Beyond fixtures and controllers | free visualizer software | lighting nodes | managed switch lab | console | packet tools,"Complete a supervised applied lab for network security monitoring and troubleshooting, record expected versus observed results, diagnose one controlled fault, and restore the approved state.","Baseline evidence, completed practical artifact, independent verification, safety/restoration record, and short professional report."
99,DAY_099,10,Networked Lighting,Integration and documentation,"Networked Lighting — Integration, Documentation, and Handover",intermediate,8,Beyond fixtures and controllers | free visualizer software | lighting nodes | managed switch lab | console | packet tools,"Integrate the four networked lighting skill areas into one reproducible workflow, diagram, checklist, evidence pack, and handover note.","Baseline evidence, completed practical artifact, independent verification, safety/restoration record, and short professional report."
100,DAY_100,10,Networked Lighting,Assessment and presentation,Networked Lighting — Assessment Project,intermediate,8,Beyond fixtures and controllers | free visualizer software | lighting nodes | managed switch lab | console | packet tools,"Plan, execute, verify, present, and safely close an assessment project covering the complete networked lighting phase.","Assessment demonstration, reproducible project/equipment package, verification and restoration evidence, safety review, and professional report."
101,DAY_101,11,Moving Lights and Effects,Orientation and setup,Pan Tilt Limits And Calibration — Foundations and Vocabulary,intermediate,8,Beyond fixtures and controllers | free visualizer software | moving fixtures | console | visualizer | PPE,"Explain and demonstrate pan tilt limits and calibration through an authorized baseline, measurable check, documented failure mode, and independent verification.","Baseline evidence, completed practical artifact, independent verification, safety/restoration record, and short professional report."
102,DAY_102,11,Moving Lights and Effects,Concept development,Pan Tilt Limits And Calibration — Applied Baseline Lab,intermediate,8,Beyond fixtures and controllers | free visualizer software | moving fixtures | console | visualizer | PPE,"Complete a supervised applied lab for pan tilt limits and calibration, record expected versus observed results, diagnose one controlled fault, and restore the approved state.","Baseline evidence, completed practical artifact, independent verification, safety/restoration record, and short professional report."
103,DAY_103,11,Moving Lights and Effects,Guided laboratory,Gobos Prisms Zoom Focus And Iris — Architecture and Components,intermediate,8,Beyond fixtures and controllers | free visualizer software | moving fixtures | console | visualizer | PPE,"Explain and demonstrate gobos prisms zoom focus and iris through an authorized baseline, measurable check, documented failure mode, and independent verification.","Baseline evidence, completed practical artifact, independent verification, safety/restoration record, and short professional report."
104,DAY_104,11,Moving Lights and Effects,Guided laboratory,Gobos Prisms Zoom Focus And Iris — Configuration Lab,intermediate,8,Beyond fixtures and controllers | free visualizer software | moving fixtures | console | visualizer | PPE,"Complete a supervised applied lab for gobos prisms zoom focus and iris, record expected versus observed results, diagnose one controlled fault, and restore the approved state.","Baseline evidence, completed practical artifact, independent verification, safety/restoration record, and short professional report."
105,DAY_105,11,Moving Lights and Effects,Applied practice,Movement Effects And Safe Audience Paths — Design and Technique,intermediate,8,Beyond fixtures and controllers | free visualizer software | moving fixtures | console | visualizer | PPE,"Explain and demonstrate movement effects and safe audience paths through an authorized baseline, measurable check, documented failure mode, and independent verification.","Baseline evidence, completed practical artifact, independent verification, safety/restoration record, and short professional report."
106,DAY_106,11,Moving Lights and Effects,Operations and measurement,Movement Effects And Safe Audience Paths — Operations and Measurement,intermediate,8,Beyond fixtures and controllers | free visualizer software | moving fixtures | console | visualizer | PPE,"Complete a supervised applied lab for movement effects and safe audience paths, record expected versus observed results, diagnose one controlled fault, and restore the approved state.","Baseline evidence, completed practical artifact, independent verification, safety/restoration record, and short professional report."
107,DAY_107,11,Moving Lights and Effects,Troubleshooting laboratory,Haze Strobe And Special-Effect Controls — Troubleshooting and Failure Modes,intermediate,8,Beyond fixtures and controllers | free visualizer software | moving fixtures | console | visualizer | PPE,"Explain and demonstrate haze strobe and special-effect controls through an authorized baseline, measurable check, documented failure mode, and independent verification.","Baseline evidence, completed practical artifact, independent verification, safety/restoration record, and short professional report."
108,DAY_108,11,Moving Lights and Effects,Safety and quality review,"Haze Strobe And Special-Effect Controls — Safety, Quality, and Verification",intermediate,8,Beyond fixtures and controllers | free visualizer software | moving fixtures | console | visualizer | PPE,"Complete a supervised applied lab for haze strobe and special-effect controls, record expected versus observed results, diagnose one controlled fault, and restore the approved state.","Baseline evidence, completed practical artifact, independent verification, safety/restoration record, and short professional report."
109,DAY_109,11,Moving Lights and Effects,Integration and documentation,"Moving Lights and Effects — Integration, Documentation, and Handover",intermediate,8,Beyond fixtures and controllers | free visualizer software | moving fixtures | console | visualizer | PPE,"Integrate the four moving lights and effects skill areas into one reproducible workflow, diagram, checklist, evidence pack, and handover note.","Baseline evidence, completed practical artifact, independent verification, safety/restoration record, and short professional report."
110,DAY_110,11,Moving Lights and Effects,Assessment and presentation,Moving Lights and Effects — Assessment Project,intermediate,8,Beyond fixtures and controllers | free visualizer software | moving fixtures | console | visualizer | PPE,"Plan, execute, verify, present, and safely close an assessment project covering the complete moving lights and effects phase.","Assessment demonstration, reproducible project/equipment package, verification and restoration evidence, safety review, and professional report."
111,DAY_111,12,Show Design and Documentation,Orientation and setup,Brief Venue And Audience Analysis — Foundations and Vocabulary,intermediate,8,Beyond fixtures and controllers | free visualizer software | CAD/diagram tools | console visualizer | planning sheets | PPE,"Explain and demonstrate brief venue and audience analysis through an authorized baseline, measurable check, documented failure mode, and independent verification.","Baseline evidence, completed practical artifact, independent verification, safety/restoration record, and short professional report."
112,DAY_112,12,Show Design and Documentation,Concept development,Brief Venue And Audience Analysis — Applied Baseline Lab,intermediate,8,Beyond fixtures and controllers | free visualizer software | CAD/diagram tools | console visualizer | planning sheets | PPE,"Complete a supervised applied lab for brief venue and audience analysis, record expected versus observed results, diagnose one controlled fault, and restore the approved state.","Baseline evidence, completed practical artifact, independent verification, safety/restoration record, and short professional report."
113,DAY_113,12,Show Design and Documentation,Guided laboratory,Plots Patch Sheets Schedules And Cue Lists — Architecture and Components,intermediate,8,Beyond fixtures and controllers | free visualizer software | CAD/diagram tools | console visualizer | planning sheets | PPE,"Explain and demonstrate plots patch sheets schedules and cue lists through an authorized baseline, measurable check, documented failure mode, and independent verification.","Baseline evidence, completed practical artifact, independent verification, safety/restoration record, and short professional report."
114,DAY_114,12,Show Design and Documentation,Guided laboratory,Plots Patch Sheets Schedules And Cue Lists — Configuration Lab,intermediate,8,Beyond fixtures and controllers | free visualizer software | CAD/diagram tools | console visualizer | planning sheets | PPE,"Complete a supervised applied lab for plots patch sheets schedules and cue lists, record expected versus observed results, diagnose one controlled fault, and restore the approved state.","Baseline evidence, completed practical artifact, independent verification, safety/restoration record, and short professional report."
115,DAY_115,12,Show Design and Documentation,Applied practice,Power Data Rigging And Crew Plans — Design and Technique,intermediate,8,Beyond fixtures and controllers | free visualizer software | CAD/diagram tools | console visualizer | planning sheets | PPE,"Explain and demonstrate power data rigging and crew plans through an authorized baseline, measurable check, documented failure mode, and independent verification.","Baseline evidence, completed practical artifact, independent verification, safety/restoration record, and short professional report."
116,DAY_116,12,Show Design and Documentation,Operations and measurement,Power Data Rigging And Crew Plans — Operations and Measurement,intermediate,8,Beyond fixtures and controllers | free visualizer software | CAD/diagram tools | console visualizer | planning sheets | PPE,"Complete a supervised applied lab for power data rigging and crew plans, record expected versus observed results, diagnose one controlled fault, and restore the approved state.","Baseline evidence, completed practical artifact, independent verification, safety/restoration record, and short professional report."
117,DAY_117,12,Show Design and Documentation,Troubleshooting laboratory,Risk Assessment Rehearsal And Change Control — Troubleshooting and Failure Modes,intermediate,8,Beyond fixtures and controllers | free visualizer software | CAD/diagram tools | console visualizer | planning sheets | PPE,"Explain and demonstrate risk assessment rehearsal and change control through an authorized baseline, measurable check, documented failure mode, and independent verification.","Baseline evidence, completed practical artifact, independent verification, safety/restoration record, and short professional report."
118,DAY_118,12,Show Design and Documentation,Safety and quality review,"Risk Assessment Rehearsal And Change Control — Safety, Quality, and Verification",intermediate,8,Beyond fixtures and controllers | free visualizer software | CAD/diagram tools | console visualizer | planning sheets | PPE,"Complete a supervised applied lab for risk assessment rehearsal and change control, record expected versus observed results, diagnose one controlled fault, and restore the approved state.","Baseline evidence, completed practical artifact, independent verification, safety/restoration record, and short professional report."
119,DAY_119,12,Show Design and Documentation,Integration and documentation,"Show Design and Documentation — Integration, Documentation, and Handover",intermediate,8,Beyond fixtures and controllers | free visualizer software | CAD/diagram tools | console visualizer | planning sheets | PPE,"Integrate the four show design and documentation skill areas into one reproducible workflow, diagram, checklist, evidence pack, and handover note.","Baseline evidence, completed practical artifact, independent verification, safety/restoration record, and short professional report."
120,DAY_120,12,Show Design and Documentation,Assessment and presentation,Show Design and Documentation — Assessment Project,intermediate,8,Beyond fixtures and controllers | free visualizer software | CAD/diagram tools | console visualizer | planning sheets | PPE,"Plan, execute, verify, present, and safely close an assessment project covering the complete show design and documentation phase.","Assessment demonstration, reproducible project/equipment package, verification and restoration evidence, safety review, and professional report."
121,DAY_121,13,"Concert, Theatre, and Worship Workflows",Orientation and setup,Music Timing Busking And Playback — Foundations and Vocabulary,intermediate,8,Beyond fixtures and controllers | free visualizer software | full lighting system | console | intercom | visualizer,"Explain and demonstrate music timing busking and playback through an authorized baseline, measurable check, documented failure mode, and independent verification.","Baseline evidence, completed practical artifact, independent verification, safety/restoration record, and short professional report."
122,DAY_122,13,"Concert, Theatre, and Worship Workflows",Concept development,Music Timing Busking And Playback — Applied Baseline Lab,intermediate,8,Beyond fixtures and controllers | free visualizer software | full lighting system | console | intercom | visualizer,"Complete a supervised applied lab for music timing busking and playback, record expected versus observed results, diagnose one controlled fault, and restore the approved state.","Baseline evidence, completed practical artifact, independent verification, safety/restoration record, and short professional report."
123,DAY_123,13,"Concert, Theatre, and Worship Workflows",Guided laboratory,Theatre Cueing Tracking And Scene Shifts — Architecture and Components,intermediate,8,Beyond fixtures and controllers | free visualizer software | full lighting system | console | intercom | visualizer,"Explain and demonstrate theatre cueing tracking and scene shifts through an authorized baseline, measurable check, documented failure mode, and independent verification.","Baseline evidence, completed practical artifact, independent verification, safety/restoration record, and short professional report."
124,DAY_124,13,"Concert, Theatre, and Worship Workflows",Guided laboratory,Theatre Cueing Tracking And Scene Shifts — Configuration Lab,intermediate,8,Beyond fixtures and controllers | free visualizer software | full lighting system | console | intercom | visualizer,"Complete a supervised applied lab for theatre cueing tracking and scene shifts, record expected versus observed results, diagnose one controlled fault, and restore the approved state.","Baseline evidence, completed practical artifact, independent verification, safety/restoration record, and short professional report."
125,DAY_125,13,"Concert, Theatre, and Worship Workflows",Applied practice,Worship Speech Camera And Congregation Needs — Design and Technique,intermediate,8,Beyond fixtures and controllers | free visualizer software | full lighting system | console | intercom | visualizer,"Explain and demonstrate worship speech camera and congregation needs through an authorized baseline, measurable check, documented failure mode, and independent verification.","Baseline evidence, completed practical artifact, independent verification, safety/restoration record, and short professional report."
126,DAY_126,13,"Concert, Theatre, and Worship Workflows",Operations and measurement,Worship Speech Camera And Congregation Needs — Operations and Measurement,intermediate,8,Beyond fixtures and controllers | free visualizer software | full lighting system | console | intercom | visualizer,"Complete a supervised applied lab for worship speech camera and congregation needs, record expected versus observed results, diagnose one controlled fault, and restore the approved state.","Baseline evidence, completed practical artifact, independent verification, safety/restoration record, and short professional report."
127,DAY_127,13,"Concert, Theatre, and Worship Workflows",Troubleshooting laboratory,Rehearsal Communication And Show Discipline — Troubleshooting and Failure Modes,intermediate,8,Beyond fixtures and controllers | free visualizer software | full lighting system | console | intercom | visualizer,"Explain and demonstrate rehearsal communication and show discipline through an authorized baseline, measurable check, documented failure mode, and independent verification.","Baseline evidence, completed practical artifact, independent verification, safety/restoration record, and short professional report."
128,DAY_128,13,"Concert, Theatre, and Worship Workflows",Safety and quality review,"Rehearsal Communication And Show Discipline — Safety, Quality, and Verification",intermediate,8,Beyond fixtures and controllers | free visualizer software | full lighting system | console | intercom | visualizer,"Complete a supervised applied lab for rehearsal communication and show discipline, record expected versus observed results, diagnose one controlled fault, and restore the approved state.","Baseline evidence, completed practical artifact, independent verification, safety/restoration record, and short professional report."
129,DAY_129,13,"Concert, Theatre, and Worship Workflows",Integration and documentation,"Concert, Theatre, and Worship Workflows — Integration, Documentation, and Handover",intermediate,8,Beyond fixtures and controllers | free visualizer software | full lighting system | console | intercom | visualizer,"Integrate the four concert, theatre, and worship workflows skill areas into one reproducible workflow, diagram, checklist, evidence pack, and handover note.","Baseline evidence, completed practical artifact, independent verification, safety/restoration record, and short professional report."
130,DAY_130,13,"Concert, Theatre, and Worship Workflows",Assessment and presentation,"Concert, Theatre, and Worship Workflows — Assessment Project",intermediate,8,Beyond fixtures and controllers | free visualizer software | full lighting system | console | intercom | visualizer,"Plan, execute, verify, present, and safely close an assessment project covering the complete concert, theatre, and worship workflows phase.","Assessment demonstration, reproducible project/equipment package, verification and restoration evidence, safety review, and professional report."
131,DAY_131,14,Architectural and Event Lighting,Orientation and setup,Facade Room And Ambience Design — Foundations and Vocabulary,intermediate-to-advanced,8,Beyond fixtures and controllers | free visualizer software | architectural/event fixtures | controllers | measurement tools | PPE,"Explain and demonstrate facade room and ambience design through an authorized baseline, measurable check, documented failure mode, and independent verification.","Baseline evidence, completed practical artifact, independent verification, safety/restoration record, and short professional report."
132,DAY_132,14,Architectural and Event Lighting,Concept development,Facade Room And Ambience Design — Applied Baseline Lab,intermediate-to-advanced,8,Beyond fixtures and controllers | free visualizer software | architectural/event fixtures | controllers | measurement tools | PPE,"Complete a supervised applied lab for facade room and ambience design, record expected versus observed results, diagnose one controlled fault, and restore the approved state.","Baseline evidence, completed practical artifact, independent verification, safety/restoration record, and short professional report."
133,DAY_133,14,Architectural and Event Lighting,Guided laboratory,Temporary Décor And Outdoor Weather Controls — Architecture and Components,intermediate-to-advanced,8,Beyond fixtures and controllers | free visualizer software | architectural/event fixtures | controllers | measurement tools | PPE,"Explain and demonstrate temporary décor and outdoor weather controls through an authorized baseline, measurable check, documented failure mode, and independent verification.","Baseline evidence, completed practical artifact, independent verification, safety/restoration record, and short professional report."
134,DAY_134,14,Architectural and Event Lighting,Guided laboratory,Temporary Décor And Outdoor Weather Controls — Configuration Lab,intermediate-to-advanced,8,Beyond fixtures and controllers | free visualizer software | architectural/event fixtures | controllers | measurement tools | PPE,"Complete a supervised applied lab for temporary décor and outdoor weather controls, record expected versus observed results, diagnose one controlled fault, and restore the approved state.","Baseline evidence, completed practical artifact, independent verification, safety/restoration record, and short professional report."
135,DAY_135,14,Architectural and Event Lighting,Applied practice,Energy Efficiency Scheduling And Control — Design and Technique,intermediate-to-advanced,8,Beyond fixtures and controllers | free visualizer software | architectural/event fixtures | controllers | measurement tools | PPE,"Explain and demonstrate energy efficiency scheduling and control through an authorized baseline, measurable check, documented failure mode, and independent verification.","Baseline evidence, completed practical artifact, independent verification, safety/restoration record, and short professional report."
136,DAY_136,14,Architectural and Event Lighting,Operations and measurement,Energy Efficiency Scheduling And Control — Operations and Measurement,intermediate-to-advanced,8,Beyond fixtures and controllers | free visualizer software | architectural/event fixtures | controllers | measurement tools | PPE,"Complete a supervised applied lab for energy efficiency scheduling and control, record expected versus observed results, diagnose one controlled fault, and restore the approved state.","Baseline evidence, completed practical artifact, independent verification, safety/restoration record, and short professional report."
137,DAY_137,14,Architectural and Event Lighting,Troubleshooting laboratory,Client Approval Safety And Handover — Troubleshooting and Failure Modes,intermediate-to-advanced,8,Beyond fixtures and controllers | free visualizer software | architectural/event fixtures | controllers | measurement tools | PPE,"Explain and demonstrate client approval safety and handover through an authorized baseline, measurable check, documented failure mode, and independent verification.","Baseline evidence, completed practical artifact, independent verification, safety/restoration record, and short professional report."
138,DAY_138,14,Architectural and Event Lighting,Safety and quality review,"Client Approval Safety And Handover — Safety, Quality, and Verification",intermediate-to-advanced,8,Beyond fixtures and controllers | free visualizer software | architectural/event fixtures | controllers | measurement tools | PPE,"Complete a supervised applied lab for client approval safety and handover, record expected versus observed results, diagnose one controlled fault, and restore the approved state.","Baseline evidence, completed practical artifact, independent verification, safety/restoration record, and short professional report."
139,DAY_139,14,Architectural and Event Lighting,Integration and documentation,"Architectural and Event Lighting — Integration, Documentation, and Handover",intermediate-to-advanced,8,Beyond fixtures and controllers | free visualizer software | architectural/event fixtures | controllers | measurement tools | PPE,"Integrate the four architectural and event lighting skill areas into one reproducible workflow, diagram, checklist, evidence pack, and handover note.","Baseline evidence, completed practical artifact, independent verification, safety/restoration record, and short professional report."
140,DAY_140,14,Architectural and Event Lighting,Assessment and presentation,Architectural and Event Lighting — Assessment Project,intermediate-to-advanced,8,Beyond fixtures and controllers | free visualizer software | architectural/event fixtures | controllers | measurement tools | PPE,"Plan, execute, verify, present, and safely close an assessment project covering the complete architectural and event lighting phase.","Assessment demonstration, reproducible project/equipment package, verification and restoration evidence, safety review, and professional report."
141,DAY_141,15,Troubleshooting and Maintenance,Orientation and setup,No Power And Intermittent Power — Foundations and Vocabulary,intermediate-to-advanced,8,Beyond fixtures and controllers | free visualizer software | lighting lab | testers | maintenance kit | PPE,"Explain and demonstrate no power and intermittent power through an authorized baseline, measurable check, documented failure mode, and independent verification.","Baseline evidence, completed practical artifact, independent verification, safety/restoration record, and short professional report."
142,DAY_142,15,Troubleshooting and Maintenance,Concept development,No Power And Intermittent Power — Applied Baseline Lab,intermediate-to-advanced,8,Beyond fixtures and controllers | free visualizer software | lighting lab | testers | maintenance kit | PPE,"Complete a supervised applied lab for no power and intermittent power, record expected versus observed results, diagnose one controlled fault, and restore the approved state.","Baseline evidence, completed practical artifact, independent verification, safety/restoration record, and short professional report."
143,DAY_143,15,Troubleshooting and Maintenance,Guided laboratory,Dmx Loss Wrong Address And Flicker — Architecture and Components,intermediate-to-advanced,8,Beyond fixtures and controllers | free visualizer software | lighting lab | testers | maintenance kit | PPE,"Explain and demonstrate DMX loss wrong address and flicker through an authorized baseline, measurable check, documented failure mode, and independent verification.","Baseline evidence, completed practical artifact, independent verification, safety/restoration record, and short professional report."
144,DAY_144,15,Troubleshooting and Maintenance,Guided laboratory,Dmx Loss Wrong Address And Flicker — Configuration Lab,intermediate-to-advanced,8,Beyond fixtures and controllers | free visualizer software | lighting lab | testers | maintenance kit | PPE,"Complete a supervised applied lab for DMX loss wrong address and flicker, record expected versus observed results, diagnose one controlled fault, and restore the approved state.","Baseline evidence, completed practical artifact, independent verification, safety/restoration record, and short professional report."
145,DAY_145,15,Troubleshooting and Maintenance,Applied practice,Optical Mechanical Thermal And Fan Faults — Design and Technique,intermediate-to-advanced,8,Beyond fixtures and controllers | free visualizer software | lighting lab | testers | maintenance kit | PPE,"Explain and demonstrate optical mechanical thermal and fan faults through an authorized baseline, measurable check, documented failure mode, and independent verification.","Baseline evidence, completed practical artifact, independent verification, safety/restoration record, and short professional report."
146,DAY_146,15,Troubleshooting and Maintenance,Operations and measurement,Optical Mechanical Thermal And Fan Faults — Operations and Measurement,intermediate-to-advanced,8,Beyond fixtures and controllers | free visualizer software | lighting lab | testers | maintenance kit | PPE,"Complete a supervised applied lab for optical mechanical thermal and fan faults, record expected versus observed results, diagnose one controlled fault, and restore the approved state.","Baseline evidence, completed practical artifact, independent verification, safety/restoration record, and short professional report."
147,DAY_147,15,Troubleshooting and Maintenance,Troubleshooting laboratory,Cleaning Inspection Spares And Service Records — Troubleshooting and Failure Modes,intermediate-to-advanced,8,Beyond fixtures and controllers | free visualizer software | lighting lab | testers | maintenance kit | PPE,"Explain and demonstrate cleaning inspection spares and service records through an authorized baseline, measurable check, documented failure mode, and independent verification.","Baseline evidence, completed practical artifact, independent verification, safety/restoration record, and short professional report."
148,DAY_148,15,Troubleshooting and Maintenance,Safety and quality review,"Cleaning Inspection Spares And Service Records — Safety, Quality, and Verification",intermediate-to-advanced,8,Beyond fixtures and controllers | free visualizer software | lighting lab | testers | maintenance kit | PPE,"Complete a supervised applied lab for cleaning inspection spares and service records, record expected versus observed results, diagnose one controlled fault, and restore the approved state.","Baseline evidence, completed practical artifact, independent verification, safety/restoration record, and short professional report."
149,DAY_149,15,Troubleshooting and Maintenance,Integration and documentation,"Troubleshooting and Maintenance — Integration, Documentation, and Handover",intermediate-to-advanced,8,Beyond fixtures and controllers | free visualizer software | lighting lab | testers | maintenance kit | PPE,"Integrate the four troubleshooting and maintenance skill areas into one reproducible workflow, diagram, checklist, evidence pack, and handover note.","Baseline evidence, completed practical artifact, independent verification, safety/restoration record, and short professional report."
150,DAY_150,15,Troubleshooting and Maintenance,Assessment and presentation,Troubleshooting and Maintenance — Assessment Project,intermediate-to-advanced,8,Beyond fixtures and controllers | free visualizer software | lighting lab | testers | maintenance kit | PPE,"Plan, execute, verify, present, and safely close an assessment project covering the complete troubleshooting and maintenance phase.","Assessment demonstration, reproducible project/equipment package, verification and restoration evidence, safety review, and professional report."
151,DAY_151,16,Advanced Programming and Timecode,Orientation and setup,Macros Executors Pages And Layouts — Foundations and Vocabulary,intermediate-to-advanced,8,Beyond fixtures and controllers | free visualizer software | console | visualizer | playback/timecode tools | fixtures,"Explain and demonstrate macros executors pages and layouts through an authorized baseline, measurable check, documented failure mode, and independent verification.","Baseline evidence, completed practical artifact, independent verification, safety/restoration record, and short professional report."
152,DAY_152,16,Advanced Programming and Timecode,Concept development,Macros Executors Pages And Layouts — Applied Baseline Lab,intermediate-to-advanced,8,Beyond fixtures and controllers | free visualizer software | console | visualizer | playback/timecode tools | fixtures,"Complete a supervised applied lab for macros executors pages and layouts, record expected versus observed results, diagnose one controlled fault, and restore the approved state.","Baseline evidence, completed practical artifact, independent verification, safety/restoration record, and short professional report."
153,DAY_153,16,Advanced Programming and Timecode,Guided laboratory,Cue Timing Tracking And Marking — Architecture and Components,intermediate-to-advanced,8,Beyond fixtures and controllers | free visualizer software | console | visualizer | playback/timecode tools | fixtures,"Explain and demonstrate cue timing tracking and marking through an authorized baseline, measurable check, documented failure mode, and independent verification.","Baseline evidence, completed practical artifact, independent verification, safety/restoration record, and short professional report."
154,DAY_154,16,Advanced Programming and Timecode,Guided laboratory,Cue Timing Tracking And Marking — Configuration Lab,intermediate-to-advanced,8,Beyond fixtures and controllers | free visualizer software | console | visualizer | playback/timecode tools | fixtures,"Complete a supervised applied lab for cue timing tracking and marking, record expected versus observed results, diagnose one controlled fault, and restore the approved state.","Baseline evidence, completed practical artifact, independent verification, safety/restoration record, and short professional report."
155,DAY_155,16,Advanced Programming and Timecode,Applied practice,Midi Osc And Timecode Concepts — Design and Technique,intermediate-to-advanced,8,Beyond fixtures and controllers | free visualizer software | console | visualizer | playback/timecode tools | fixtures,"Explain and demonstrate MIDI OSC and timecode concepts through an authorized baseline, measurable check, documented failure mode, and independent verification.","Baseline evidence, completed practical artifact, independent verification, safety/restoration record, and short professional report."
156,DAY_156,16,Advanced Programming and Timecode,Operations and measurement,Midi Osc And Timecode Concepts — Operations and Measurement,intermediate-to-advanced,8,Beyond fixtures and controllers | free visualizer software | console | visualizer | playback/timecode tools | fixtures,"Complete a supervised applied lab for MIDI OSC and timecode concepts, record expected versus observed results, diagnose one controlled fault, and restore the approved state.","Baseline evidence, completed practical artifact, independent verification, safety/restoration record, and short professional report."
157,DAY_157,16,Advanced Programming and Timecode,Troubleshooting laboratory,Redundancy Show Control And Recovery — Troubleshooting and Failure Modes,intermediate-to-advanced,8,Beyond fixtures and controllers | free visualizer software | console | visualizer | playback/timecode tools | fixtures,"Explain and demonstrate redundancy show control and recovery through an authorized baseline, measurable check, documented failure mode, and independent verification.","Baseline evidence, completed practical artifact, independent verification, safety/restoration record, and short professional report."
158,DAY_158,16,Advanced Programming and Timecode,Safety and quality review,"Redundancy Show Control And Recovery — Safety, Quality, and Verification",intermediate-to-advanced,8,Beyond fixtures and controllers | free visualizer software | console | visualizer | playback/timecode tools | fixtures,"Complete a supervised applied lab for redundancy show control and recovery, record expected versus observed results, diagnose one controlled fault, and restore the approved state.","Baseline evidence, completed practical artifact, independent verification, safety/restoration record, and short professional report."
159,DAY_159,16,Advanced Programming and Timecode,Integration and documentation,"Advanced Programming and Timecode — Integration, Documentation, and Handover",intermediate-to-advanced,8,Beyond fixtures and controllers | free visualizer software | console | visualizer | playback/timecode tools | fixtures,"Integrate the four advanced programming and timecode skill areas into one reproducible workflow, diagram, checklist, evidence pack, and handover note.","Baseline evidence, completed practical artifact, independent verification, safety/restoration record, and short professional report."
160,DAY_160,16,Advanced Programming and Timecode,Assessment and presentation,Advanced Programming and Timecode — Assessment Project,intermediate-to-advanced,8,Beyond fixtures and controllers | free visualizer software | console | visualizer | playback/timecode tools | fixtures,"Plan, execute, verify, present, and safely close an assessment project covering the complete advanced programming and timecode phase.","Assessment demonstration, reproducible project/equipment package, verification and restoration evidence, safety review, and professional report."
161,DAY_161,17,Production Management and Site Delivery,Orientation and setup,Survey Schedule Crew And Logistics — Foundations and Vocabulary,intermediate-to-advanced,8,Beyond fixtures and controllers | free visualizer software | full inventory | PPE | site documents | communication tools,"Explain and demonstrate survey schedule crew and logistics through an authorized baseline, measurable check, documented failure mode, and independent verification.","Baseline evidence, completed practical artifact, independent verification, safety/restoration record, and short professional report."
162,DAY_162,17,Production Management and Site Delivery,Concept development,Survey Schedule Crew And Logistics — Applied Baseline Lab,intermediate-to-advanced,8,Beyond fixtures and controllers | free visualizer software | full inventory | PPE | site documents | communication tools,"Complete a supervised applied lab for survey schedule crew and logistics, record expected versus observed results, diagnose one controlled fault, and restore the approved state.","Baseline evidence, completed practical artifact, independent verification, safety/restoration record, and short professional report."
163,DAY_163,17,Production Management and Site Delivery,Guided laboratory,Load-In Focus Rehearsal Show And Strike — Architecture and Components,intermediate-to-advanced,8,Beyond fixtures and controllers | free visualizer software | full inventory | PPE | site documents | communication tools,"Explain and demonstrate load-in focus rehearsal show and strike through an authorized baseline, measurable check, documented failure mode, and independent verification.","Baseline evidence, completed practical artifact, independent verification, safety/restoration record, and short professional report."
164,DAY_164,17,Production Management and Site Delivery,Guided laboratory,Load-In Focus Rehearsal Show And Strike — Configuration Lab,intermediate-to-advanced,8,Beyond fixtures and controllers | free visualizer software | full inventory | PPE | site documents | communication tools,"Complete a supervised applied lab for load-in focus rehearsal show and strike, record expected versus observed results, diagnose one controlled fault, and restore the approved state.","Baseline evidence, completed practical artifact, independent verification, safety/restoration record, and short professional report."
165,DAY_165,17,Production Management and Site Delivery,Applied practice,Inventory Spares Transport And Custody — Design and Technique,intermediate-to-advanced,8,Beyond fixtures and controllers | free visualizer software | full inventory | PPE | site documents | communication tools,"Explain and demonstrate inventory spares transport and custody through an authorized baseline, measurable check, documented failure mode, and independent verification.","Baseline evidence, completed practical artifact, independent verification, safety/restoration record, and short professional report."
166,DAY_166,17,Production Management and Site Delivery,Operations and measurement,Inventory Spares Transport And Custody — Operations and Measurement,intermediate-to-advanced,8,Beyond fixtures and controllers | free visualizer software | full inventory | PPE | site documents | communication tools,"Complete a supervised applied lab for inventory spares transport and custody, record expected versus observed results, diagnose one controlled fault, and restore the approved state.","Baseline evidence, completed practical artifact, independent verification, safety/restoration record, and short professional report."
167,DAY_167,17,Production Management and Site Delivery,Troubleshooting laboratory,Incident Response Documentation And Client Handover — Troubleshooting and Failure Modes,intermediate-to-advanced,8,Beyond fixtures and controllers | free visualizer software | full inventory | PPE | site documents | communication tools,"Explain and demonstrate incident response documentation and client handover through an authorized baseline, measurable check, documented failure mode, and independent verification.","Baseline evidence, completed practical artifact, independent verification, safety/restoration record, and short professional report."
168,DAY_168,17,Production Management and Site Delivery,Safety and quality review,"Incident Response Documentation And Client Handover — Safety, Quality, and Verification",intermediate-to-advanced,8,Beyond fixtures and controllers | free visualizer software | full inventory | PPE | site documents | communication tools,"Complete a supervised applied lab for incident response documentation and client handover, record expected versus observed results, diagnose one controlled fault, and restore the approved state.","Baseline evidence, completed practical artifact, independent verification, safety/restoration record, and short professional report."
169,DAY_169,17,Production Management and Site Delivery,Integration and documentation,"Production Management and Site Delivery — Integration, Documentation, and Handover",intermediate-to-advanced,8,Beyond fixtures and controllers | free visualizer software | full inventory | PPE | site documents | communication tools,"Integrate the four production management and site delivery skill areas into one reproducible workflow, diagram, checklist, evidence pack, and handover note.","Baseline evidence, completed practical artifact, independent verification, safety/restoration record, and short professional report."
170,DAY_170,17,Production Management and Site Delivery,Assessment and presentation,Production Management and Site Delivery — Assessment Project,intermediate-to-advanced,8,Beyond fixtures and controllers | free visualizer software | full inventory | PPE | site documents | communication tools,"Plan, execute, verify, present, and safely close an assessment project covering the complete production management and site delivery phase.","Assessment demonstration, reproducible project/equipment package, verification and restoration evidence, safety review, and professional report."
171,DAY_171,18,Lighting Capstone and Professional Readiness,Orientation and setup,Capstone Brief Plot And Risk Plan — Foundations and Vocabulary,capstone,8,Beyond fixtures and controllers | free visualizer software | all assigned lighting tools | PPE | documentation | presentation tools,"Explain and demonstrate capstone brief plot and risk plan through an authorized baseline, measurable check, documented failure mode, and independent verification.","Baseline evidence, completed practical artifact, independent verification, safety/restoration record, and short professional report."
172,DAY_172,18,Lighting Capstone and Professional Readiness,Concept development,Capstone Brief Plot And Risk Plan — Applied Baseline Lab,capstone,8,Beyond fixtures and controllers | free visualizer software | all assigned lighting tools | PPE | documentation | presentation tools,"Complete a supervised applied lab for capstone brief plot and risk plan, record expected versus observed results, diagnose one controlled fault, and restore the approved state.","Baseline evidence, completed practical artifact, independent verification, safety/restoration record, and short professional report."
173,DAY_173,18,Lighting Capstone and Professional Readiness,Guided laboratory,Rigging Power Patch And Programming — Architecture and Components,capstone,8,Beyond fixtures and controllers | free visualizer software | all assigned lighting tools | PPE | documentation | presentation tools,"Explain and demonstrate rigging power patch and programming through an authorized baseline, measurable check, documented failure mode, and independent verification.","Baseline evidence, completed practical artifact, independent verification, safety/restoration record, and short professional report."
174,DAY_174,18,Lighting Capstone and Professional Readiness,Guided laboratory,Rigging Power Patch And Programming — Configuration Lab,capstone,8,Beyond fixtures and controllers | free visualizer software | all assigned lighting tools | PPE | documentation | presentation tools,"Complete a supervised applied lab for rigging power patch and programming, record expected versus observed results, diagnose one controlled fault, and restore the approved state.","Baseline evidence, completed practical artifact, independent verification, safety/restoration record, and short professional report."
175,DAY_175,18,Lighting Capstone and Professional Readiness,Applied practice,Rehearsal Measurement And Remediation — Design and Technique,capstone,8,Beyond fixtures and controllers | free visualizer software | all assigned lighting tools | PPE | documentation | presentation tools,"Explain and demonstrate rehearsal measurement and remediation through an authorized baseline, measurable check, documented failure mode, and independent verification.","Baseline evidence, completed practical artifact, independent verification, safety/restoration record, and short professional report."
176,DAY_176,18,Lighting Capstone and Professional Readiness,Operations and measurement,Rehearsal Measurement And Remediation — Operations and Measurement,capstone,8,Beyond fixtures and controllers | free visualizer software | all assigned lighting tools | PPE | documentation | presentation tools,"Complete a supervised applied lab for rehearsal measurement and remediation, record expected versus observed results, diagnose one controlled fault, and restore the approved state.","Baseline evidence, completed practical artifact, independent verification, safety/restoration record, and short professional report."
177,DAY_177,18,Lighting Capstone and Professional Readiness,Troubleshooting laboratory,Show Defense Handover And Safe Strike — Troubleshooting and Failure Modes,capstone,8,Beyond fixtures and controllers | free visualizer software | all assigned lighting tools | PPE | documentation | presentation tools,"Explain and demonstrate show defense handover and safe strike through an authorized baseline, measurable check, documented failure mode, and independent verification.","Baseline evidence, completed practical artifact, independent verification, safety/restoration record, and short professional report."
178,DAY_178,18,Lighting Capstone and Professional Readiness,Safety and quality review,"Show Defense Handover And Safe Strike — Safety, Quality, and Verification",capstone,8,Beyond fixtures and controllers | free visualizer software | all assigned lighting tools | PPE | documentation | presentation tools,"Complete a supervised applied lab for show defense handover and safe strike, record expected versus observed results, diagnose one controlled fault, and restore the approved state.","Baseline evidence, completed practical artifact, independent verification, safety/restoration record, and short professional report."
179,DAY_179,18,Lighting Capstone and Professional Readiness,Integration and documentation,"Lighting Capstone and Professional Readiness — Integration, Documentation, and Handover",capstone,8,Beyond fixtures and controllers | free visualizer software | all assigned lighting tools | PPE | documentation | presentation tools,"Integrate the four lighting capstone and professional readiness skill areas into one reproducible workflow, diagram, checklist, evidence pack, and handover note.","Baseline evidence, completed practical artifact, independent verification, safety/restoration record, and short professional report."
180,DAY_180,18,Lighting Capstone and Professional Readiness,Assessment and presentation,Lighting Capstone and Professional Readiness — Assessment Project,capstone,8,Beyond fixtures and controllers | free visualizer software | all assigned lighting tools | PPE | documentation | presentation tools,"Plan, execute, verify, present, and safely close an assessment project covering the complete lighting capstone and professional readiness phase.","Assessment demonstration, reproducible project/equipment package, verification and restoration evidence, safety review, and professional report."
